0,1,2,3,4,5,6,7,8,9,10,11,12,13,14
0.5336196,0.43664324,-0.8226524,0.57700974,0.8021935,0.2752781,-0.3978941,-0.69710237,-0.03713067,0.6447231,0.13198245,0.19153795,0.029057344,0.8177144,-0.42934144
0.5215843,0.44179624,-0.8192412,0.5753513,0.8004979,0.27228332,-0.39431518,-0.6898985,-0.03287599,0.6389345,0.122649685,0.17907816,0.0019488725,0.81558514,-0.42304394
0.5140157,0.45699745,-0.81734157,0.57240516,0.7994952,0.26840824,-0.3947465,-0.68410426,-0.030269774,0.63216835,0.12267821,0.1754273,-0.0051087877,0.81460446,-0.41794568
0.56167877,0.21202902,-0.8274648,0.59232634,0.7991532,0.3038894,-0.416988,-0.71287036,-0.074239016,0.6623128,0.05530743,0.20721814,0.092224166,0.8116676,-0.4406538
0.56625384,0.21093062,-0.8302358,0.5942808,0.80136466,0.3039819,-0.41153237,-0.71768963,-0.07450394,0.66685665,0.05881746,0.21014816,0.09061261,0.8143903,-0.4455417
0.5240676,0.41197792,-0.81992954,0.57707113,0.7999173,0.2758059,-0.39673993,-0.69067234,-0.03802053,0.63898534,0.115026206,0.18109947,0.011740653,0.8148939,-0.42331845
0.5370585,0.37559834,-0.8226378,0.58074385,0.80057937,0.2824223,-0.4025077,-0.6983901,-0.047718845,0.64703673,0.10514161,0.19019718,0.035237737,0.8148955,-0.42953914
0.5465891,0.34872544,-0.82474595,0.5841446,0.8012101,0.28588375,-0.40634438,-0.70392895,-0.055013888,0.6524808,0.09514139,0.19730435,0.054111008,0.8153708,-0.43376213
0.5362099,0.37728152,-0.8220898,0.58112246,0.8002812,0.28149453,-0.40550724,-0.6974026,-0.049285553,0.6460537,0.09891786,0.19098747,0.03749,0.81423604,-0.42822927
0.54677385,0.3321143,-0.8242769,0.58469933,0.8002582,0.28829926,-0.4086213,-0.7037815,-0.05732735,0.6527079,0.08991245,0.19708642,0.05720436,0.81404054,-0.43343684
0.53860223,0.38496363,-0.8220217,0.5814009,0.80004585,0.28120342,-0.40948394,-0.6986217,-0.05120715,0.64742494,0.09907671,0.1936982,0.04437175,0.8136619,-0.42883208
0.5580955,0.28435263,-0.82742506,0.5893536,0.8011521,0.29548398,-0.4120627,-0.71138227,-0.065574065,0.6601965,0.08052149,0.20613143,0.07848308,0.8145933,-0.43984717
0.5246129,0.41833594,-0.81871223,0.576621,0.7991744,0.27492574,-0.40251595,-0.6899021,-0.04140294,0.63879114,0.10766722,0.18287809,0.016130794,0.81322384,-0.42214268
0.57238746,0.41452333,-0.84019333,0.5884059,0.8127334,0.27910963,-0.40181074,-0.7202519,-0.055230208,0.65774626,0.13798384,0.22490452,0.1007151,0.8312397,-0.4493187
0.48348087,0.5747941,-0.81794417,0.56463957,0.8058854,0.24274501,-0.35995013,-0.6715137,0.005471187,0.6154488,0.1551862,0.14522345,-0.10164215,0.82552886,-0.408145
0.45428824,0.5851551,-0.8117001,0.5585094,0.80328864,0.23701993,-0.3450818,-0.65898585,0.021791069,0.60652894,0.15446304,0.12366286,-0.15642273,0.8225254,-0.39970908
0.44390908,0.5802242,-0.80820036,0.5560706,0.8006004,0.23621178,-0.34364063,-0.6530519,0.024336012,0.601949,0.14968187,0.11835987,-0.16499816,0.819301,-0.39590782
0.45391586,0.5739808,-0.81007344,0.5573039,0.8001835,0.23900856,-0.34791812,-0.65725625,0.019473692,0.60484356,0.15250736,0.12607928,-0.13934273,0.819133,-0.39955166
0.47724065,0.5685229,-0.8167714,0.5608898,0.8041456,0.24596004,-0.34603658,-0.6732695,0.01383439,0.62155414,0.1583533,0.13985367,-0.112949066,0.8233937,-0.41353866
0.40884933,0.6049113,-0.8042428,0.54529697,0.8020251,0.22749633,-0.32445607,-0.63699067,0.048305836,0.5847005,0.16679978,0.098577574,-0.232955,0.8223372,-0.38431042
0.41317078,0.6069985,-0.8052411,0.5467038,0.8028533,0.2262896,-0.32615545,-0.63843364,0.046108432,0.585498,0.16509873,0.09946782,-0.22929274,0.82340735,-0.38450944
0.41304213,0.60729104,-0.80543554,0.54718566,0.80292904,0.22634272,-0.32572386,-0.63916683,0.04533385,0.58674335,0.16270147,0.09937299,-0.23038065,0.82321215,-0.38521814
0.42032117,0.6044756,-0.8062064,0.54816,0.8027259,0.22909325,-0.33014074,-0.6421657,0.04194367,0.58958906,0.16402431,0.10435773,-0.21659659,0.82274693,-0.38752314
0.420255,0.60248274,-0.80573076,0.5461456,0.8014786,0.22977595,-0.32874975,-0.64116824,0.04483971,0.58781576,0.16993453,0.10415989,-0.20897199,0.82192856,-0.38770503
0.7532893,-0.7879235,-0.75119597,0.6578745,0.32526043,0.57339525,-0.6065011,-0.79051584,-0.3790073,-0.73985535,-0.6567289,0.25812683,0.50257856,0.6238333,-0.59023
0.7411915,-0.7257138,-0.7672625,0.64229834,0.096197896,0.56131446,-0.61263806,-0.79835564,-0.26040077,-0.23794693,-0.072952434,0.3811039,0.50986665,0.67626077,-0.58339113
0.75240976,-0.78296643,-0.7576279,0.66562915,-0.07869912,0.5979115,-0.6319967,-0.80141985,-0.35604137,-0.70070577,-0.45415545,0.33782744,0.5291552,0.62372637,-0.6069723
0.75101703,-0.7758723,-0.76100755,0.6624504,-0.099961065,0.5948152,-0.63355005,-0.80240834,-0.33543345,-0.62159497,-0.33469287,0.36328042,0.5320519,0.63318,-0.6050208
0.75364184,-0.78385633,-0.76180094,0.6666953,-0.13494556,0.60049266,-0.6415768,-0.8038031,-0.35554022,-0.6522752,-0.41233653,0.37018135,0.5389378,0.62533516,-0.60704875
0.75503093,-0.78868735,-0.7616335,0.6693209,-0.18294428,0.6058542,-0.6436115,-0.80510074,-0.3626406,-0.705368,-0.43515897,0.3740623,0.54310673,0.6202231,-0.6126214
0.7555693,-0.79085606,-0.7620347,0.6709634,-0.2023603,0.60803264,-0.6443252,-0.8056847,-0.36705336,-0.7214357,-0.45417792,0.37430036,0.5440518,0.61818844,-0.6145985
0.75591564,-0.7911348,-0.7614251,0.67105275,-0.20277818,0.6088129,-0.6446602,-0.8056886,-0.3674603,-0.7215132,-0.45845994,0.3725804,0.5433275,0.6172396,-0.61485404
0.7552993,-0.7906494,-0.7616692,0.6706646,-0.2115531,0.60883373,-0.6456011,-0.8051759,-0.36663103,-0.71693933,-0.452978,0.3746347,0.54437363,0.61722803,-0.61425656
0.7577682,-0.7942336,-0.7590235,0.6724852,-0.23794882,0.6123079,-0.647779,-0.8075797,-0.3706886,-0.7480129,-0.47210747,0.38540962,0.5549701,0.6143908,-0.6194817
0.75654984,-0.7889528,-0.760814,0.668822,-0.22013569,0.60601234,-0.64734817,-0.80732363,-0.3594862,-0.71929294,-0.39173678,0.3939707,0.5535898,0.6212162,-0.61613303
0.5735,-0.51748335,-0.8409855,0.6166919,0.7887111,0.38611054,-0.41178736,-0.7229965,-0.19076273,0.6789573,-0.43225306,0.20451769,-0.009485448,0.7837377,-0.4646699
0.54326576,0.12566832,-0.8298458,0.5918051,0.8020862,0.31079927,-0.41171828,-0.70200104,-0.08757096,0.64601177,-0.031185806,0.1938973,0.027645534,0.81211126,-0.4310157
0.48587343,0.5127575,-0.8096161,0.5602013,0.799064,0.2590259,-0.39077798,-0.66431826,-0.015937597,0.61169374,0.13676222,0.1616053,-0.06690217,0.81356263,-0.40263706
0.52286404,0.4693395,-0.8169742,0.5677622,0.8005907,0.276468,-0.40177608,-0.68873954,-0.0247406,0.63842833,0.14918831,0.19183975,0.014201101,0.8144298,-0.4252755
0.51582044,0.47444162,-0.8151996,0.56321293,0.7989814,0.2768169,-0.39571646,-0.68485814,-0.014794342,0.634258,0.17331535,0.1887748,0.011745955,0.8141626,-0.42328155
0.51235664,0.4601041,-0.81337345,0.56415874,0.7975273,0.27700257,-0.3982116,-0.6811982,-0.01986758,0.6315055,0.15693018,0.18396595,0.0039927466,0.81173176,-0.4195701
0.5540757,0.33892715,-0.82151437,0.5774887,0.7987496,0.2973647,-0.41875622,-0.7044332,-0.048839256,0.65493745,0.12749775,0.21381724,0.092294365,0.8114165,-0.4375862
0.53533435,0.39900854,-0.8182058,0.5734877,0.79845107,0.28575867,-0.41164327,-0.6938102,-0.040271543,0.64387196,0.13107239,0.19809225,0.0494817,0.8116585,-0.42765486
0.5450021,0.3635534,-0.8194822,0.57769364,0.7980644,0.29134858,-0.42001492,-0.6989802,-0.05057352,0.6496854,0.11510335,0.2040017,0.06922746,0.8100247,-0.43106383
0.5587698,0.30641773,-0.82363266,0.58021605,0.7993566,0.3007302,-0.42075503,-0.7074013,-0.054731753,0.65668947,0.120101325,0.21772325,0.103165776,0.8121508,-0.43943447
0.5276046,0.40592277,-0.8163146,0.5706503,0.7974627,0.28415298,-0.4104373,-0.68854755,-0.036927383,0.6380484,0.13690941,0.19310898,0.038498603,0.8108793,-0.4231348
0.79417944,-0.82644725,-0.758919,0.7143126,-0.36515394,0.6577591,-0.7052008,-0.7920793,-0.5347293,-0.83975655,-0.85697705,0.33577245,0.46963033,0.5265019,-0.6258652
0.7946859,-0.8263414,-0.7588847,0.71371615,-0.3630129,0.6580351,-0.7081463,-0.7932237,-0.53548497,-0.83911467,-0.8581021,0.3408376,0.4715186,0.5253822,-0.6234145
0.7949918,-0.82667243,-0.7601584,0.71443397,-0.37219065,0.65903497,-0.7083637,-0.79512423,-0.53628933,-0.83898157,-0.8584319,0.3403707,0.47012502,0.5261014,-0.624279
0.7947709,-0.82612574,-0.75909376,0.71336246,-0.36090258,0.6579111,-0.71018386,-0.7941863,-0.53638047,-0.8382792,-0.8589,0.34268448,0.47079092,0.52462274,-0.62089
0.7947596,-0.8263064,-0.759769,0.7138385,-0.3678354,0.65850693,-0.7098743,-0.79510784,-0.5365992,-0.83830905,-0.8589213,0.34183487,0.469638,0.5250096,-0.6221515
0.795168,-0.8264807,-0.7590157,0.713935,-0.3583445,0.6583077,-0.7108153,-0.79412466,-0.5377732,-0.83873445,-0.8595279,0.339977,0.46886122,0.52386826,-0.6210599
0.79566973,-0.82708603,-0.7604738,0.71528345,-0.38114855,0.66024864,-0.7102816,-0.7955909,-0.5386546,-0.8391596,-0.8599343,0.33900455,0.46744853,0.52453864,-0.62442386
0.7961696,-0.827209,-0.7599829,0.7157947,-0.39206478,0.6615896,-0.7114385,-0.7941616,-0.53959584,-0.8396246,-0.86076975,0.34164175,0.4688946,0.522588,-0.6246427
0.7960589,-0.82699406,-0.7594211,0.7151164,-0.38194418,0.6606161,-0.71231115,-0.7937966,-0.5394917,-0.8393461,-0.86098516,0.34202006,0.4687366,0.5219981,-0.6228662
0.7960618,-0.8273827,-0.7605253,0.7159537,-0.39045388,0.6613185,-0.71051824,-0.7948392,-0.5393221,-0.83964795,-0.86041963,0.3395518,0.46743506,0.52372175,-0.625602
0.7959305,-0.82688004,-0.7593153,0.7150724,-0.38264194,0.66045046,-0.71220833,-0.79361546,-0.5394642,-0.8392346,-0.8609103,0.34233615,0.46855605,0.52193815,-0.6227593
0.7980557,-0.8294663,-0.7604477,0.7211131,-0.4453374,0.669045,-0.70303065,-0.79172736,-0.54161656,-0.84503967,-0.8592824,0.3195426,0.47344974,0.5237355,-0.6386946
0.711632,-0.7843712,-0.86854607,0.68292624,0.79770106,0.41546243,-0.48963934,-0.8094057,-0.26197392,0.76158506,-0.5951312,0.34629324,0.3742805,0.79994386,-0.5257602
0.71537864,-0.7845296,-0.8497157,0.67996836,0.78300697,0.4474863,-0.5130767,-0.7750516,-0.28936857,0.74849206,-0.6614518,0.30980706,0.34268427,0.7710625,-0.5169348
0.72030383,-0.78535277,-0.8449665,0.67950135,0.7769822,0.4616314,-0.52719903,-0.76901096,-0.2979904,0.75761795,-0.6752316,0.30877343,0.3496928,0.7614693,-0.51679903
0.7129399,-0.781831,-0.8442673,0.67663634,0.7784462,0.458878,-0.50179106,-0.7506827,-0.27895433,0.6901292,-0.65948474,0.28574395,0.33034945,0.7656874,-0.51979184
0.71723044,-0.7834468,-0.84583956,0.67812914,0.7770611,0.4588491,-0.51687187,-0.76153857,-0.28673166,0.74695146,-0.6661769,0.30712608,0.34860536,0.76451933,-0.51824
0.7175431,-0.7837185,-0.8438457,0.67664444,0.77550954,0.45964944,-0.51891655,-0.75757986,-0.29025704,0.7082943,-0.67055607,0.30028343,0.34686652,0.76136637,-0.518758
0.7145164,-0.7828531,-0.8448586,0.67828214,0.77647954,0.45534924,-0.51322913,-0.75725365,-0.28975913,0.7331638,-0.6671633,0.29668254,0.33633643,0.7636475,-0.5161735
0.7098932,-0.7802994,-0.84333533,0.6759863,0.77668285,0.456098,-0.50662094,-0.74992096,-0.28203526,0.7207617,-0.66152453,0.28546348,0.32654783,0.76325434,-0.5146002
0.728361,-0.7890919,-0.83424914,0.6765975,0.7681867,0.48070672,-0.54603547,-0.74248105,-0.31568488,0.53365254,-0.699098,0.29896203,0.37040642,0.7417049,-0.5260054
0.7566276,-0.80578583,-0.7806812,0.6867711,-0.03132101,0.59604025,-0.6178466,-0.8027258,-0.42672876,-0.76947635,-0.73859876,0.2636259,0.4678861,0.6144953,-0.61059207
0.75561506,-0.8061791,-0.7932897,0.69016975,-0.12316987,0.59901476,-0.62333876,-0.8079483,-0.41444716,-0.7018315,-0.69640326,0.3125357,0.47867632,0.6238255,-0.6140624
0.7520136,-0.80424273,-0.80325997,0.6904214,-0.2331827,0.58848655,-0.59646535,-0.8147232,-0.37242055,-0.74264514,-0.55198073,0.3244077,0.49016038,0.64424926,-0.63002026
0.8085796,-0.83572483,-0.76561594,0.72749686,-0.6007826,0.6894215,-0.7191549,-0.78671366,-0.5596163,-0.8507652,-0.8738894,0.35758826,0.48084992,0.50651145,-0.6586819
0.8091191,-0.83562887,-0.7653886,0.72779816,-0.59129846,0.68903583,-0.72478056,-0.7902075,-0.5607266,-0.84999007,-0.87505007,0.3665281,0.48236248,0.505417,-0.65488315
0.8087522,-0.8353689,-0.76673806,0.72758675,-0.5881939,0.688071,-0.72657794,-0.7950752,-0.560848,-0.8485341,-0.87513363,0.36772746,0.4804733,0.50684357,-0.652339
0.809053,-0.8353332,-0.76632565,0.7275144,-0.58281803,0.68776023,-0.7283668,-0.79568136,-0.5611845,-0.84845626,-0.87560797,0.37115592,0.48112556,0.5061963,-0.65086216
0.80985934,-0.8359257,-0.7672574,0.72809273,-0.59142095,0.6889884,-0.72788256,-0.7964573,-0.5621198,-0.84907246,-0.87600994,0.36942354,0.48187017,0.50665706,-0.65326834
0.80868864,-0.83503824,-0.7658984,0.7273397,-0.57502216,0.68699414,-0.73104966,-0.7966376,-0.5615012,-0.8478012,-0.87595665,0.37367135,0.48076668,0.50504744,-0.6478574
0.8089803,-0.83523744,-0.7662666,0.7273527,-0.5805736,0.687545,-0.7290259,-0.7960593,-0.5610785,-0.84827423,-0.8757556,0.37274775,0.48079875,0.50603884,-0.65002173
0.80817264,-0.83454,-0.765032,0.72671974,-0.57494515,0.6860417,-0.7284463,-0.7943338,-0.5598946,-0.8479105,-0.87505007,0.37371287,0.48077902,0.5057744,-0.6485291
0.8094458,-0.83548915,-0.7665814,0.7275639,-0.583625,0.6878369,-0.7291982,-0.7964104,-0.5616344,-0.8485613,-0.87606585,0.3719545,0.48126775,0.5061231,-0.6508878
0.80909616,-0.83537203,-0.7669372,0.72741616,-0.586852,0.68806577,-0.7290872,-0.79675794,-0.5617935,-0.8480376,-0.8760134,0.37017715,0.48070964,0.50602275,-0.6507881
0.8100608,-0.8359575,-0.7667014,0.7281562,-0.59136516,0.6893872,-0.7285919,-0.79546636,-0.56241035,-0.8493916,-0.8762869,0.371761,0.48297647,0.5056451,-0.6532164
0.80932164,-0.8356028,-0.76683074,0.72787434,-0.58466595,0.6883613,-0.7291945,-0.7965612,-0.562119,-0.84846175,-0.8760167,0.369655,0.48101884,0.5059345,-0.65119517
0.810357,-0.83623064,-0.7670186,0.7284183,-0.5939345,0.68990725,-0.72810787,-0.7956513,-0.56273055,-0.84967643,-0.87634605,0.37117818,0.48279175,0.50602823,-0.6542008
0.80943704,-0.83574206,-0.7669024,0.7280169,-0.5873763,0.68883824,-0.7289108,-0.7961253,-0.5625283,-0.848635,-0.87611365,0.368381,0.48084983,0.5057907,-0.65207404
0.71336794,-0.7877371,-0.86970764,0.6878799,0.7925239,0.41114637,-0.46917108,-0.8133991,-0.2691506,0.76602125,-0.5962747,0.34130853,0.3492725,0.80055356,-0.5301123
0.70770246,-0.78340024,-0.8566387,0.6823253,0.7812784,0.42849812,-0.48145863,-0.7929177,-0.28383577,0.76475126,-0.63807577,0.30299297,0.31843144,0.7818962,-0.5177611
0.6906903,-0.7729882,-0.8566645,0.6777996,0.7855693,0.41929135,-0.45371246,-0.7802619,-0.25646722,0.75509447,-0.6052369,0.2816677,0.28573224,0.78839666,-0.5118885
0.6856588,-0.7651035,-0.85321826,0.6732654,0.77901626,0.4247905,-0.46436748,-0.7773282,-0.25111774,0.7503557,-0.5954528,0.2823194,0.29696682,0.7818347,-0.50771207
0.69832414,-0.7757713,-0.8517457,0.677414,0.7779423,0.43501428,-0.4625791,-0.76941043,-0.26230368,0.7603695,-0.6263195,0.28077105,0.29683462,0.7785924,-0.51503253
0.70163554,-0.77772963,-0.84851193,0.6783834,0.7746309,0.43861458,-0.4833662,-0.7696085,-0.27757716,0.76140213,-0.64468324,0.28370622,0.3041573,0.7704946,-0.51231164
0.699118,-0.77463764,-0.8534422,0.67639154,0.77537453,0.43408278,-0.47415924,-0.780879,-0.25925845,0.7574103,-0.6187829,0.2956516,0.32063386,0.7776569,-0.51553154
0.7394783,-0.79444134,-0.82179475,0.67968315,0.74778765,0.49659804,-0.57440054,-0.7265535,-0.35916904,0.42985103,-0.7331878,0.29079273,0.3714997,0.71342313,-0.5274869
0.7684927,-0.8170407,-0.7804236,0.7029796,-0.3283406,0.63581926,-0.6388953,-0.80491954,-0.46837848,-0.81434697,-0.7977383,0.2643412,0.45866582,0.58472115,-0.6323521
0.7369876,-0.7806449,-0.8791566,0.6828438,0.4247635,0.46997875,-0.5036499,-0.8310835,-0.21236718,0.7694165,-0.28449705,0.4222159,0.4357548,0.79496855,-0.5796013
0.7234911,-0.78699714,-0.84359145,0.67677736,0.7736998,0.46662584,-0.5146713,-0.7649801,-0.28824216,0.5550937,-0.6694947,0.3009037,0.36431783,0.76009434,-0.5316436
0.72102785,-0.79201394,-0.8628765,0.684696,0.7911704,0.44204652,-0.4723406,-0.78797805,-0.2732577,0.7634731,-0.64202684,0.31052396,0.34666264,0.79001176,-0.5365966
0.7571441,-0.8039476,-0.78598416,0.68517,-0.11946228,0.6022529,-0.62796915,-0.807871,-0.40573534,-0.73474824,-0.66404885,0.32018688,0.49698064,0.6210778,-0.61543787
0.75310296,-0.80223817,-0.7922308,0.68657815,-0.1762566,0.59827954,-0.6206761,-0.8087971,-0.3943836,-0.7238322,-0.61301917,0.3245993,0.49102926,0.6284079,-0.61802655
0.75281155,-0.80278325,-0.7930338,0.6870937,-0.11811779,0.5950918,-0.6185023,-0.80695933,-0.40038395,-0.6899812,-0.65417236,0.31119943,0.4801728,0.6288134,-0.6129384
0.75362504,-0.80326456,-0.79054666,0.6854409,-0.04791096,0.5922355,-0.6208766,-0.8056675,-0.40742242,-0.6948746,-0.68605375,0.30695206,0.48152655,0.62705636,-0.6085638
0.75264406,-0.8025938,-0.7934691,0.6875598,-0.12000055,0.5933441,-0.61832476,-0.80720305,-0.4007993,-0.69176155,-0.6554141,0.3126313,0.48105487,0.62910086,-0.6129446
0.7520222,-0.8017076,-0.79286045,0.6855558,-0.09899234,0.59248,-0.6181171,-0.80659735,-0.39617613,-0.6828445,-0.64672023,0.31369063,0.48334074,0.6308225,-0.61154413
0.7515198,-0.80181724,-0.79603916,0.68697304,-0.09339791,0.58924574,-0.61556,-0.80700254,-0.39751133,-0.6559756,-0.6491676,0.3131743,0.47589585,0.63372767,-0.61045533
0.7498003,-0.80050576,-0.79371035,0.68409336,-0.008127974,0.5832762,-0.6104214,-0.8039751,-0.3954615,-0.65152156,-0.667406,0.29733235,0.47165886,0.6360681,-0.60483325
0.7510263,-0.80145776,-0.7916327,0.68547106,-0.043926854,0.58778816,-0.6129562,-0.80463356,-0.40173453,-0.6884344,-0.6755143,0.29455096,0.4739948,0.63102424,-0.6079228
0.75340545,-0.8031686,-0.79109895,0.68590933,-0.056195177,0.5919122,-0.6194148,-0.80581266,-0.4058001,-0.6936703,-0.68186575,0.30660078,0.48062995,0.62791175,-0.60921824
0.75422186,-0.8039525,-0.79375875,0.6880166,-0.09822715,0.5938506,-0.6192474,-0.80794823,-0.40449348,-0.6903446,-0.66930145,0.3135268,0.48069897,0.6294985,-0.6126728
0.7256447,-0.7911462,-0.8411966,0.68734586,0.7705014,0.4521442,-0.5381469,-0.7552612,-0.33230546,0.7400037,-0.69876784,0.30312112,0.32941866,0.75078356,-0.51617384
0.73872346,-0.79603165,-0.8073555,0.6758261,0.719429,0.5006161,-0.57095855,-0.7460801,-0.38855815,-0.01049311,-0.7441442,0.23897289,0.36271223,0.6864364,-0.5383063
0.76158077,-0.8144648,-0.79196745,0.7009228,-0.22995012,0.61248237,-0.61763847,-0.80898297,-0.44688535,-0.7834946,-0.7692324,0.2613753,0.4499195,0.6094067,-0.6275938
0.76169753,-0.8139826,-0.7950112,0.7024804,-0.26817983,0.6153748,-0.6256035,-0.8096447,-0.44692633,-0.7351348,-0.76756257,0.28379613,0.45243022,0.6082545,-0.6260435
0.76016885,-0.81436664,-0.7974661,0.7038026,-0.3416646,0.62002176,-0.6156005,-0.81078184,-0.44000733,-0.7584731,-0.75321823,0.2749145,0.45029637,0.6111356,-0.633124
0.7374317,-0.79725313,-0.81990284,0.6864091,0.49022093,0.5168531,-0.5563907,-0.785945,-0.37470585,0.13163984,-0.72640896,0.25572276,0.36072612,0.69607455,-0.55611193
0.73660403,-0.79473394,-0.82200897,0.68384904,0.73897046,0.49120277,-0.552214,-0.7008871,-0.36151722,0.46739227,-0.73083854,0.25973594,0.33673385,0.7151111,-0.53087753
0.76318884,-0.81467766,-0.7895603,0.70298135,-0.21871004,0.61602527,-0.63177264,-0.8061251,-0.4636655,-0.7650767,-0.78959835,0.26879764,0.44828036,0.59959996,-0.62146306
0.76457965,-0.81528634,-0.79123104,0.70235467,-0.2592165,0.6219867,-0.6359392,-0.80949193,-0.4578274,-0.7675318,-0.781348,0.2948827,0.4660579,0.601382,-0.62634194
0.75962114,-0.8132605,-0.796471,0.70332235,-0.2872072,0.61572874,-0.6217448,-0.807428,-0.4482814,-0.70507896,-0.7711662,0.27844104,0.44386846,0.60918885,-0.6247798
0.7550283,-0.807994,-0.7876759,0.6931469,-0.012953936,0.58920515,-0.60828406,-0.7937042,-0.44794473,-0.6425087,-0.78013545,0.21737511,0.41748148,0.6123246,-0.60216296
0.76268804,-0.81473285,-0.7923821,0.70205253,-0.23859888,0.6150549,-0.6244364,-0.80901307,-0.45187646,-0.76412207,-0.7754531,0.273621,0.45247883,0.60672903,-0.6262547
0.76362014,-0.8155191,-0.79261947,0.70488745,-0.2935044,0.62109816,-0.62838817,-0.8093261,-0.45768946,-0.76188964,-0.7807879,0.2751956,0.44886726,0.60168046,-0.6283313
0.7626081,-0.8146599,-0.79303813,0.7048521,-0.30672613,0.6212029,-0.6307855,-0.8085584,-0.45753932,-0.74453205,-0.7806591,0.2784567,0.449206,0.60071665,-0.62673277
0.6436345,-0.63784975,-0.8570773,0.65032274,0.79067695,0.39409706,-0.42461938,-0.77214205,-0.16739182,0.7209569,-0.30931926,0.26385733,0.25007433,0.80586106,-0.4958863
0.65151376,-0.67121,-0.857216,0.65594035,0.79229957,0.39743906,-0.43049997,-0.77476275,-0.18149751,0.72720546,-0.37053415,0.26658854,0.2541102,0.80382717,-0.49761546
0.64330405,-0.66726995,-0.8552981,0.6542412,0.79032016,0.3964603,-0.41675523,-0.7715799,-0.1791715,0.7244105,-0.35965666,0.25283748,0.2246342,0.80205274,-0.49495554
-0.5745741,-0.6733951,-0.6363497,-0.76857406,-0.66492647,0.6119372,0.6297103,0.742951,0.3002786,0.66650826,0.1588669,-0.36621732,-0.64116615,-0.6841033,-0.6048067
-0.46267033,-0.75522685,-0.82781786,-0.26392287,0.4047499,0.5266519,0.17477284,0.62698793,0.13067374,0.7243636,-0.42479992,-0.18472722,-0.4191237,0.60894835,-0.58979976
-0.4030829,-0.37184688,-0.16864541,-0.696486,-0.5852707,0.6844974,0.6956281,0.7499846,0.492499,-0.16754635,0.22192568,-0.67764074,-0.8170139,-0.60410774,0.44729888
0.297422,0.3889469,0.25557217,-0.5633963,-0.46971855,-0.15291846,0.67040634,0.6186006,0.48514697,-0.6410114,0.03113451,-0.6402905,-0.59871936,-0.4660248,0.7346629
0.6738491,-0.423254,0.4180323,-0.58127743,-0.5045304,-0.42851385,0.7924757,0.7304742,-0.5778307,-0.77652156,-0.6213454,-0.764324,0.7202594,-0.35681912,0.7989159
0.35375524,0.39518642,0.32922277,-0.554313,-0.49247766,-0.13701743,0.67547727,0.5766821,0.49404776,-0.65306866,0.09885512,-0.66582805,-0.2962398,-0.4756319,0.74546885
0.2128875,0.40501815,0.21584068,-0.5721726,-0.47666228,0.008596254,0.65412235,0.59923077,0.5203149,-0.62246895,0.11479282,-0.63437086,-0.63279593,-0.4939901,0.73139066
0.21799272,0.4515663,0.20534879,-0.5760006,-0.4869527,0.14799118,0.6590795,0.5889688,0.5943804,-0.6231829,0.19211268,-0.63988733,-0.6830442,-0.51184314,0.7346982
0.21887892,0.46648678,0.2224732,-0.5759764,-0.4915028,0.16680904,0.6618135,0.5858723,0.6157759,-0.6240225,0.21624827,-0.64343345,-0.6896522,-0.5151366,0.7371511
0.51760954,-0.7588629,-0.85237956,0.5782065,0.637265,0.43316442,-0.42524078,-0.79639834,-0.17383537,0.7413532,-0.051588744,0.32228735,0.29065406,0.7751743,-0.5258234
0.715104,-0.7883183,-0.8420538,0.68950224,0.76106775,0.44858772,-0.48351356,-0.73857474,-0.32318935,0.7777214,-0.68242925,0.26489428,0.27994505,0.75760037,-0.5195093
0.70321816,-0.7820247,-0.8461886,0.6823902,0.75154513,0.4421774,-0.4500177,-0.7513791,-0.29480237,0.76384145,-0.6601153,0.25264254,0.27214572,0.76374084,-0.51989913
0.71284777,-0.7864774,-0.8471329,0.6853379,0.7435706,0.452081,-0.455581,-0.76145416,-0.30178246,0.7704022,-0.6687095,0.26516038,0.28947067,0.7616937,-0.52639526
0.7148474,-0.78688115,-0.8466584,0.68467295,0.73089325,0.45748922,-0.45147112,-0.7573996,-0.29982418,0.7717518,-0.67084044,0.27155966,0.29737478,0.75945556,-0.5298618
0.7227111,-0.7923411,-0.8513652,0.68925464,0.73841125,0.45570952,-0.45468506,-0.7725268,-0.3079847,0.7772196,-0.67485094,0.27900404,0.30414015,0.76517963,-0.5355613
0.7121677,-0.7856042,-0.8455038,0.68422085,0.7395913,0.45410663,-0.4592172,-0.7543522,-0.30166775,0.7697302,-0.67000836,0.2640404,0.2907641,0.75964105,-0.5248655
0.7153292,-0.787999,-0.8463174,0.6867126,0.7456114,0.45159626,-0.4582224,-0.7601243,-0.3087932,0.77126503,-0.674667,0.26324812,0.28610504,0.7593607,-0.52663237
0.73097533,-0.79445183,-0.8464626,0.69114906,0.76583534,0.4716765,-0.51425767,-0.7396312,-0.31840143,0.7829997,-0.69139713,0.2957359,0.34066263,0.7612491,-0.53114146
0.7310109,-0.79423344,-0.843078,0.6892604,0.7454956,0.47192526,-0.4894598,-0.7499349,-0.3300093,0.78350455,-0.6976338,0.27896237,0.31231967,0.7521949,-0.53218794
0.7139399,-0.78630567,-0.8393001,0.6852434,0.7564084,0.45747867,-0.47569847,-0.7054587,-0.31146887,0.7681382,-0.682931,0.244749,0.2749,0.7538845,-0.5219893
0.71379954,-0.78669244,-0.84383774,0.6861953,0.7578722,0.4514493,-0.47299552,-0.74439234,-0.30802795,0.76958704,-0.67703116,0.25988233,0.2851089,0.7579066,-0.5219513
0.7123397,-0.78534317,-0.84313285,0.6850938,0.7603729,0.4505595,-0.4789406,-0.73896027,-0.3064734,0.7693707,-0.67560685,0.2608523,0.28673124,0.7590269,-0.51953316
0.8059469,-0.8322815,-0.75710636,0.72349334,-0.5324132,0.68042094,-0.72618145,-0.7793723,-0.554142,-0.84857416,-0.8732191,0.3802234,0.48190713,0.50196224,-0.64241046
0.80683917,-0.8324471,-0.75840753,0.72315115,-0.53427666,0.680535,-0.7290449,-0.78430086,-0.5545562,-0.84812033,-0.8743143,0.3897175,0.48345992,0.5024374,-0.64063126
0.80766225,-0.83266,-0.75937665,0.7230213,-0.53478056,0.68060386,-0.7311549,-0.7880334,-0.55518883,-0.8479246,-0.8752314,0.39604512,0.48399195,0.50285697,-0.63931996
0.80773103,-0.83269763,-0.76014924,0.72299355,-0.5364019,0.68031555,-0.7312123,-0.78984314,-0.5548969,-0.8476337,-0.8752242,0.39711195,0.48382196,0.5037921,-0.6390965
0.8079166,-0.83275634,-0.76034564,0.72300017,-0.53779626,0.6804783,-0.7317268,-0.7903325,-0.5551205,-0.84763414,-0.8754678,0.39861405,0.48433456,0.5036299,-0.6390084
0.8078857,-0.8327993,-0.7602571,0.72318774,-0.53796023,0.6806527,-0.7313806,-0.790102,-0.5551818,-0.8477161,-0.87530553,0.39774525,0.4840461,0.5037348,-0.63932294
0.80769783,-0.8327118,-0.76026994,0.72309357,-0.5369594,0.68046516,-0.7312,-0.7899507,-0.55508924,-0.8475571,-0.8751687,0.39696535,0.48396826,0.5037767,-0.6391669
0.80801153,-0.8328438,-0.7600492,0.7231744,-0.5379871,0.6807291,-0.7315407,-0.7895661,-0.55525,-0.84795016,-0.87547964,0.39757115,0.48442894,0.5033781,-0.63952166
0.8076128,-0.83261657,-0.76005805,0.7229155,-0.5344731,0.6802194,-0.73130906,-0.7899682,-0.55493367,-0.8475011,-0.87516177,0.39720106,0.48352596,0.50372946,-0.6386233
0.80779195,-0.8326961,-0.7598133,0.7230007,-0.53511155,0.6804233,-0.7313665,-0.789196,-0.55508244,-0.84777445,-0.8752846,0.39724535,0.48417547,0.5033543,-0.6390132
0.80767846,-0.8326328,-0.76011235,0.7229089,-0.53417426,0.68014,-0.73124397,-0.79003286,-0.5548546,-0.84758663,-0.87517315,0.39687854,0.48378947,0.5038325,-0.63870406
0.8076855,-0.8326234,-0.75984293,0.7229227,-0.53534913,0.6803026,-0.73132944,-0.7893398,-0.55490655,-0.84767395,-0.8752183,0.39765874,0.4841558,0.5034316,-0.6388867
0.7890651,-0.8236119,-0.76161665,0.7067513,-0.22546479,0.642265,-0.7059621,-0.8010905,-0.530342,-0.8307712,-0.8518345,0.32481745,0.4630473,0.536826,-0.60780156
0.7915946,-0.8251768,-0.7602492,0.71177506,-0.30056635,0.6508637,-0.70574075,-0.795768,-0.535456,-0.8351986,-0.855588,0.3165158,0.45862976,0.53007424,-0.61588854
0.7933489,-0.82642144,-0.7616447,0.71471363,-0.3622579,0.6574281,-0.7052788,-0.795661,-0.53639436,-0.83758664,-0.8568289,0.32328376,0.46342197,0.5287927,-0.6239349
0.7947512,-0.82742983,-0.76295376,0.71697164,-0.40938228,0.66227245,-0.7053485,-0.79606724,-0.5378795,-0.8391205,-0.85816854,0.3278036,0.46525592,0.52748024,-0.62977666
0.7946863,-0.82738245,-0.76318884,0.7169587,-0.41118,0.66238016,-0.7050488,-0.7965157,-0.53743744,-0.8391002,-0.8579166,0.3286436,0.4658604,0.52797234,-0.6299905
0.7948947,-0.82745486,-0.76329595,0.7169322,-0.41114458,0.6625043,-0.7059518,-0.7971338,-0.53782964,-0.8389654,-0.85827947,0.33035585,0.46609652,0.52775747,-0.62964916
0.7945124,-0.8272991,-0.76324046,0.71685344,-0.4072514,0.66175455,-0.7052413,-0.7966581,-0.53748935,-0.8387794,-0.85789114,0.32831156,0.4648111,0.52817315,-0.62928504
0.794654,-0.82737476,-0.76318276,0.71688,-0.40279368,0.66153604,-0.7058291,-0.79704344,-0.53803176,-0.8387251,-0.8580877,0.3279484,0.46447065,0.5280833,-0.6287172
0.7947539,-0.82736444,-0.7629382,0.71684355,-0.40397397,0.66169894,-0.706295,-0.79663116,-0.53820693,-0.83882284,-0.8583902,0.32826805,0.46469396,0.52741104,-0.6285719
0.79479307,-0.82733387,-0.7631018,0.71664363,-0.4042601,0.6617597,-0.7066266,-0.7972412,-0.53816515,-0.83861655,-0.85848665,0.32917508,0.46499136,0.5275289,-0.6283455
0.79504216,-0.82751256,-0.7624035,0.7172018,-0.4050213,0.662413,-0.70646214,-0.7958943,-0.53901565,-0.83941174,-0.8586199,0.32682902,0.46551538,0.5264615,-0.62897944
0.79464656,-0.8272471,-0.76307636,0.7163798,-0.40082225,0.6613898,-0.70642996,-0.79723835,-0.537812,-0.8384424,-0.85826766,0.32899502,0.4650976,0.52782655,-0.62798923
0.04172254,0.38195014,-0.007858797,-0.5869121,-0.43432236,0.12760435,0.543723,0.5091229,0.43173322,-0.33021432,0.02309654,-0.5701444,-0.7549205,-0.5506254,0.5569345
-0.14801788,0.3386741,-0.14654154,-0.6201158,-0.45164362,0.37573043,0.5375847,0.47340903,0.48094988,-0.07310673,0.121773966,-0.5770291,-0.76948744,-0.6153875,0.29756287
-0.41333517,-0.19360738,-0.46533832,-0.70486856,-0.5397396,0.54150486,0.5482443,0.6413731,0.3922305,0.36485142,0.11086053,-0.59263617,-0.7834415,-0.67860025,-0.26395872
-0.45728347,-0.4157063,-0.580982,-0.73180526,-0.5768972,0.56650233,0.5483591,0.6994693,0.35301033,0.51339346,0.093109064,-0.5903127,-0.78602946,-0.6936162,-0.45776016
-0.463451,-0.4331539,-0.60128796,-0.73536605,-0.586401,0.56676865,0.54483235,0.7016743,0.34616303,0.5426412,0.11732961,-0.58370703,-0.78671885,-0.69739515,-0.5021001
-0.46178633,-0.43656516,-0.6006048,-0.7348043,-0.58142656,0.5666811,0.54432994,0.70167756,0.34554031,0.5416315,0.100227125,-0.5845941,-0.7858829,-0.6956452,-0.49551994
-0.4634155,-0.4363493,-0.5996621,-0.7355983,-0.5859026,0.56794965,0.5465074,0.7033934,0.34697545,0.5388727,0.110178456,-0.58533484,-0.78705466,-0.69710374,-0.49628186
-0.45985705,-0.4318934,-0.5962693,-0.7338442,-0.5797185,0.56695825,0.5443977,0.70018804,0.34704843,0.53715855,0.095241755,-0.5863768,-0.785836,-0.69477326,-0.48741904
-0.461665,-0.4356982,-0.59913236,-0.73491365,-0.582334,0.5674362,0.545569,0.7024664,0.3466766,0.53703403,0.10170295,-0.58550864,-0.7862787,-0.69576055,-0.49226063
-0.45922378,-0.43371475,-0.59477663,-0.73353106,-0.57702595,0.5671222,0.5453595,0.701084,0.3471766,0.53298116,0.08497554,-0.5870655,-0.78547245,-0.6936122,-0.48048243
-0.46146625,-0.4393529,-0.5996254,-0.73506856,-0.58127254,0.5677382,0.54620486,0.7037328,0.34665656,0.535108,0.096698865,-0.586363,-0.7863586,-0.6955914,-0.48905173
-0.46109143,-0.4371086,-0.59648013,-0.7347859,-0.58219385,0.5684144,0.5467267,0.7030233,0.3477009,0.5336303,0.09671706,-0.5874287,-0.78651315,-0.69550765,-0.48613334
-0.46295896,-0.43677098,-0.5991563,-0.73546815,-0.5853828,0.5684331,0.54791784,0.70488304,0.34773913,0.53222835,0.10952604,-0.5862093,-0.7871832,-0.6966767,-0.49013147
-0.4602232,-0.43495435,-0.5966445,-0.73423827,-0.5804507,0.5679253,0.5453897,0.70145524,0.3471563,0.5358573,0.092754565,-0.5868327,-0.78612703,-0.69473356,-0.4863332
-0.46169472,-0.4378862,-0.6000872,-0.73502684,-0.5819277,0.5676723,0.5465508,0.70421094,0.3468964,0.5335018,0.10114646,-0.58604646,-0.7864701,-0.6957039,-0.4886977
-0.45978943,-0.43657544,-0.5947815,-0.73381424,-0.57864434,0.56819576,0.5461388,0.7017941,0.34729576,0.5323294,0.08425919,-0.5874765,-0.78548706,-0.69360584,-0.48001558
-0.46263164,-0.4410228,-0.60255843,-0.7358212,-0.58430266,0.56834394,0.5457515,0.7035562,0.34599704,0.5389243,0.103339896,-0.58512574,-0.7866893,-0.69656366,-0.4971442
-0.84447265,-0.7482313,0.88577586,-0.6794064,-0.73759127,0.44909397,0.5832485,-0.8429697,0.20085274,0.7276164,0.6011193,0.83538437,0.8456974,-0.65642905,-0.7480555
0.41639328,-0.055366293,-0.84002686,0.53602636,0.7708639,0.34310883,-0.3732809,-0.7391067,-0.004015214,0.6617347,0.36442724,0.25835025,0.15524887,0.81907356,-0.46809614
0.44935602,0.59449685,-0.81070215,0.5553663,0.80387086,0.2388058,-0.34588093,-0.65685445,0.029359363,0.60385346,0.16685438,0.12385219,-0.16957487,0.8227869,-0.39847758
0.43726158,0.5991513,-0.8091527,0.5527709,0.80387115,0.23432261,-0.33873957,-0.65178376,0.033883516,0.5994663,0.16327558,0.11628895,-0.19150871,0.82333064,-0.39451605
0.4245717,0.6028649,-0.8071601,0.5476523,0.8029135,0.23154593,-0.32993686,-0.6450897,0.042394843,0.5925499,0.16981977,0.10805781,-0.20769382,0.82317746,-0.39046723
0.4441484,0.5890195,-0.80788016,0.5530986,0.80116403,0.23973292,-0.3424465,-0.6540836,0.031643517,0.6037321,0.15946716,0.119014345,-0.17484613,0.8191412,-0.3984656
0.40363112,0.60419524,-0.8030287,0.5429059,0.80179197,0.22780097,-0.32744643,-0.63323516,0.04947794,0.5792297,0.16625084,0.10034638,-0.23827288,0.8218223,-0.38118428
0.4203811,0.5996806,-0.80501133,0.5491823,0.80224556,0.23034942,-0.33501697,-0.64122933,0.03792384,0.58938164,0.1587928,0.10627528,-0.21724127,0.8214156,-0.38634467
0.43107885,0.6049166,-0.8088772,0.5495978,0.8041063,0.23297942,-0.3323286,-0.6489691,0.040419552,0.5960118,0.17137063,0.112400584,-0.20106545,0.82425994,-0.39314422
0.41457456,0.6024072,-0.80463964,0.545962,0.8020075,0.22974972,-0.32992724,-0.63901764,0.0436137,0.58676666,0.1669588,0.10369857,-0.22216763,0.8219062,-0.38550588
0.43126723,0.6012747,-0.8083209,0.5493261,0.8034654,0.23386367,-0.3349197,-0.6482476,0.038641807,0.59520894,0.17132987,0.11405495,-0.19614369,0.8234866,-0.39248595
0.42814803,0.60274893,-0.8076166,0.54851705,0.803212,0.23286945,-0.33498648,-0.64655495,0.039532047,0.59349316,0.17158458,0.11264664,-0.20015912,0.8232888,-0.39095354
0.42692414,0.60508937,-0.80789846,0.5478011,0.8038157,0.23268227,-0.33317697,-0.64644176,0.04143225,0.59321994,0.1729617,0.11217756,-0.20512815,0.823989,-0.39110997
0.79361176,-0.824747,-0.7532044,0.70945114,-0.29472578,0.6514191,-0.7109072,-0.78789693,-0.5339477,-0.8382737,-0.8577115,0.34884137,0.47523543,0.5216421,-0.6147106
0.79467607,-0.8251913,-0.754419,0.7103746,-0.3159614,0.6535188,-0.7127009,-0.7898244,-0.5351818,-0.8385234,-0.8591962,0.35265782,0.47514006,0.52120334,-0.6152944
0.7954278,-0.82564795,-0.7560366,0.7112287,-0.33454847,0.6555453,-0.713998,-0.7916299,-0.53608924,-0.83855546,-0.86040866,0.35479015,0.4739504,0.5210586,-0.615944
0.79585487,-0.82556677,-0.75509024,0.7109024,-0.32862952,0.65556043,-0.7149506,-0.79054755,-0.5367923,-0.8388136,-0.86093754,0.35597515,0.4754935,0.51983064,-0.6141979
0.79588234,-0.8255192,-0.7552236,0.7107584,-0.33358768,0.6557287,-0.71535516,-0.7910156,-0.53648657,-0.8386621,-0.8610786,0.35848707,0.47629318,0.51976144,-0.6143231
0.7963151,-0.82557744,-0.75422674,0.7106511,-0.3336018,0.6557969,-0.71596265,-0.7891825,-0.53676206,-0.8391844,-0.8615499,0.36093408,0.47812504,0.5184996,-0.6143235
0.7964216,-0.82567084,-0.75498265,0.7111033,-0.34723315,0.6569501,-0.7157419,-0.7906545,-0.5365891,-0.83924943,-0.8614363,0.36365235,0.47912946,0.51903677,-0.61597544
0.7963614,-0.82577705,-0.7553706,0.71114737,-0.3403135,0.65638375,-0.71552515,-0.79131955,-0.5364682,-0.8391774,-0.861247,0.36126745,0.47783935,0.51981056,-0.6156275
0.7960171,-0.8255089,-0.7548413,0.71065116,-0.33438808,0.65583575,-0.71557707,-0.7905272,-0.53640544,-0.83888257,-0.8611856,0.36048386,0.4774079,0.5193075,-0.6145132
0.7959372,-0.82546395,-0.754872,0.7106315,-0.33370072,0.65555537,-0.7152268,-0.79062,-0.5361635,-0.8388191,-0.860939,0.36027655,0.47750956,0.51975644,-0.6146105
0.7960396,-0.8256172,-0.7551735,0.7111003,-0.33968726,0.6562876,-0.71519864,-0.79077166,-0.53662384,-0.8389429,-0.86110586,0.359487,0.4768653,0.51954037,-0.6154021
0.79606104,-0.8255036,-0.75480974,0.710545,-0.32931542,0.65527815,-0.7157396,-0.7906364,-0.53642976,-0.8388102,-0.861195,0.36045986,0.4770756,0.5194767,-0.6137991
0.70353913,-0.77745104,-0.8590504,0.67863595,0.77968556,0.43030638,-0.5006353,-0.7981217,-0.26404858,0.7581105,-0.61172694,0.32635078,0.3613569,0.7820457,-0.51757413
0.7138749,-0.7856638,-0.85708326,0.6835959,0.7892956,0.43513086,-0.49101475,-0.78898585,-0.27561033,0.7597448,-0.6439592,0.31404465,0.33358636,0.7834131,-0.52189153
0.7061235,-0.78083163,-0.851171,0.68103194,0.77960694,0.436081,-0.48429167,-0.77572304,-0.28238598,0.7612625,-0.6470685,0.28748405,0.30586356,0.775073,-0.51455235
0.7075369,-0.7806513,-0.8496477,0.6797041,0.7791826,0.4436634,-0.48401853,-0.7657109,-0.27640092,0.7619349,-0.6483223,0.28776312,0.31131238,0.77343196,-0.51679224
0.7043488,-0.77837676,-0.8502872,0.6778489,0.77909243,0.4411853,-0.4865289,-0.7705786,-0.27249154,0.7609021,-0.6408926,0.29192978,0.31731495,0.77432334,-0.51445985
0.70698076,-0.7800948,-0.8503402,0.67872775,0.7797007,0.4420749,-0.48477003,-0.769528,-0.27458528,0.7600268,-0.6450321,0.28978333,0.3133442,0.7744717,-0.5160996
0.7068923,-0.780282,-0.8485858,0.6792228,0.7789409,0.44356468,-0.49368712,-0.7674158,-0.28123665,0.75945216,-0.65175015,0.28890106,0.31476527,0.7710989,-0.5136213
0.70061076,-0.77703357,-0.8503825,0.6780659,0.7780296,0.43601623,-0.47977358,-0.7732825,-0.2730673,0.7590859,-0.63725305,0.28528255,0.30389526,0.77438784,-0.51238805
0.7050257,-0.7794471,-0.8494881,0.67847633,0.77891225,0.43947864,-0.49042037,-0.77030396,-0.27894923,0.75994104,-0.64796484,0.28884637,0.31222725,0.7725341,-0.5133295
0.7029778,-0.7783895,-0.84886605,0.677913,0.77641624,0.43900847,-0.48375884,-0.76890516,-0.2758628,0.75582445,-0.6453145,0.2859665,0.30678064,0.7707881,-0.5126937
0.707278,-0.78076255,-0.8502295,0.6789252,0.77989614,0.44101006,-0.4925073,-0.7712618,-0.2787541,0.7529367,-0.64956695,0.29238224,0.31772572,0.77258325,-0.5145826
0.7450012,-0.79841125,-0.79724634,0.6672006,0.7023764,0.525496,-0.5758336,-0.76250976,-0.38570052,-0.4017123,-0.74698,0.24502645,0.41064015,0.6689158,-0.55783004
0.69662017,-0.77285016,-0.8517526,0.6763067,0.7687712,0.43374547,-0.4806448,-0.7791722,-0.26372853,0.75157696,-0.6123454,0.28633103,0.30324334,0.7791722,-0.5101785
0.735441,-0.79152274,-0.8378674,0.68098444,0.76065576,0.48127642,-0.5597837,-0.751713,-0.32827544,0.765124,-0.70970523,0.3315375,0.37821925,0.7418872,-0.52103615
0.71425176,-0.77890706,-0.84323,0.6808286,0.50792336,0.47680426,-0.5150775,-0.7969009,-0.28980106,0.46669278,-0.58119756,0.30009463,0.3607953,0.7494715,-0.54584885
0.72075766,-0.7866594,-0.8459792,0.68281007,0.7747829,0.4597907,-0.5088123,-0.75806767,-0.2937789,0.7661518,-0.67271733,0.294651,0.32900384,0.76618415,-0.52120507
0.7778699,-0.821126,-0.7750579,0.70697784,-0.32130238,0.64252764,-0.6649805,-0.8059691,-0.49713185,-0.8256425,-0.82542336,0.29030094,0.46590915,0.5684714,-0.631162
0.77605927,-0.82017934,-0.77697885,0.70644444,-0.3036671,0.639855,-0.6638118,-0.8073297,-0.49310315,-0.8215948,-0.821132,0.29224715,0.46790528,0.57229203,-0.6287113
0.7753702,-0.8192937,-0.7765386,0.70477337,-0.2915082,0.6387234,-0.66724265,-0.806764,-0.49290174,-0.818033,-0.8214943,0.29651156,0.47071412,0.5709516,-0.6253852
0.77688557,-0.82056785,-0.7765714,0.70642835,-0.32983437,0.6425867,-0.66377574,-0.80753285,-0.4913028,-0.82293344,-0.82117176,0.29441175,0.47096363,0.5714458,-0.6315305
0.771268,-0.81822133,-0.78093034,0.7046647,-0.3108664,0.63575417,-0.65386957,-0.8077634,-0.47942796,-0.816304,-0.8086881,0.28998885,0.46641877,0.581387,-0.62931365
0.7723685,-0.81851625,-0.7807431,0.7051223,-0.29202002,0.6352787,-0.6545054,-0.8090542,-0.47984812,-0.8139107,-0.80755156,0.2926313,0.4712031,0.58194256,-0.6285822
0.7707184,-0.81776136,-0.78151983,0.7039902,-0.30173033,0.63406223,-0.6510074,-0.80877686,-0.4745731,-0.8124202,-0.8027533,0.29137784,0.47087392,0.5844626,-0.6294136
0.77246517,-0.81848085,-0.78005195,0.7042632,-0.30029678,0.6350398,-0.6555631,-0.8090736,-0.4794669,-0.8155386,-0.80827326,0.29569077,0.47190315,0.58128875,-0.6294054
0.71935874,-0.7900858,-0.8538349,0.68786114,0.7691382,0.44018948,-0.49560875,-0.7908289,-0.30789173,0.769476,-0.6689781,0.3021985,0.32670724,0.77103686,-0.5236527
0.70221305,-0.78093725,-0.8503333,0.6832524,0.77171355,0.4340594,-0.46821043,-0.7695985,-0.28666455,0.7609779,-0.6492223,0.26899934,0.28546917,0.77270114,-0.5150505
0.70482546,-0.78149354,-0.8478755,0.6827017,0.76647735,0.43958,-0.46510673,-0.7636696,-0.28913596,0.7657244,-0.6560012,0.26809952,0.28373435,0.76811236,-0.5175211
0.7026013,-0.78044474,-0.84844476,0.68218887,0.76677275,0.43875474,-0.4576502,-0.7607169,-0.2838796,0.7642561,-0.65059197,0.26279017,0.27794522,0.7704293,-0.5171964
0.70508176,-0.78166366,-0.84695196,0.6828153,0.7644212,0.44268522,-0.46366844,-0.7575369,-0.2898336,0.766256,-0.6575893,0.26464206,0.28285173,0.76693034,-0.5178047
0.70578456,-0.7815569,-0.84624815,0.681827,0.75968224,0.4447366,-0.46729678,-0.7588371,-0.29217568,0.76600724,-0.66000086,0.26741302,0.29020563,0.7645687,-0.517881
0.7069404,-0.7827075,-0.8453611,0.683176,0.7617857,0.44409376,-0.46756113,-0.755266,-0.29595035,0.7667994,-0.6644835,0.2625943,0.28175473,0.76311475,-0.5180633
0.6985149,-0.77969384,-0.847326,0.6813155,0.7674877,0.4333515,-0.45240316,-0.75720507,-0.2881835,0.76100695,-0.65143806,0.2522021,0.26117867,0.76955026,-0.5141374
0.6969647,-0.7757787,-0.84968156,0.6783657,0.75636005,0.4392149,-0.45376703,-0.7703684,-0.27191517,0.75787354,-0.6355482,0.27412048,0.29604396,0.77025855,-0.5172008
0.7030082,-0.7810229,-0.8479315,0.68279755,0.7668011,0.43792716,-0.4606086,-0.7586488,-0.28793675,0.7640348,-0.6538149,0.26198846,0.27726725,0.7695255,-0.5167551
0.7023334,-0.78071344,-0.84783524,0.6826883,0.76520854,0.43868062,-0.45980895,-0.7593519,-0.2862591,0.7636371,-0.653386,0.2609606,0.2766254,0.76881856,-0.5167572
0.7073717,-0.78273463,-0.8457152,0.6830228,0.76538235,0.44567093,-0.4727485,-0.7543373,-0.29403237,0.76634157,-0.66349053,0.26601222,0.2877192,0.7642018,-0.51737916
0.7167343,-0.7881218,-0.85033983,0.68692845,0.76609695,0.44693944,-0.47357848,-0.7689108,-0.29850164,0.7717967,-0.6680506,0.2812251,0.30414537,0.76826763,-0.5258285
0.7146998,-0.78610843,-0.84237105,0.6850213,0.7626005,0.4529548,-0.48694137,-0.7391144,-0.3091703,0.7704062,-0.6797693,0.26473656,0.29123214,0.7574994,-0.5194867
0.71252865,-0.78588074,-0.8438098,0.686035,0.77128255,0.45096713,-0.47947514,-0.7280439,-0.30189592,0.76203763,-0.6731804,0.25813407,0.28216738,0.7634733,-0.52019674
0.7889364,-0.8255536,-0.77162564,0.7110029,-0.43974987,0.6553242,-0.68037933,-0.8126797,-0.50163054,-0.8369442,-0.8318887,0.36649704,0.49893025,0.5575156,-0.64477414
0.7882993,-0.8240232,-0.7666014,0.70812696,-0.35205963,0.65044826,-0.6908066,-0.80771255,-0.51026356,-0.83440185,-0.84024715,0.36090735,0.49660796,0.55055916,-0.6319029
0.78714573,-0.8228878,-0.76442,0.7060413,-0.306752,0.64745396,-0.69284827,-0.8052716,-0.5119174,-0.83252954,-0.841381,0.35182092,0.49317092,0.5489709,-0.62499684
0.7863337,-0.82203275,-0.7628373,0.7043157,-0.27193215,0.64467347,-0.69445115,-0.8030591,-0.5132216,-0.831078,-0.8420787,0.34604666,0.49048835,0.54755145,-0.6192163
0.7860891,-0.8217737,-0.7621011,0.7035875,-0.2538252,0.64336693,-0.6949207,-0.8024297,-0.51357,-0.8306651,-0.84225047,0.3435496,0.4893105,0.54713184,-0.6169719
0.7858287,-0.8216505,-0.76231265,0.7033839,-0.25494108,0.6432443,-0.69417834,-0.80286217,-0.51243347,-0.8304787,-0.8414058,0.3447698,0.4910914,0.5482949,-0.61744326
0.7862592,-0.82193613,-0.76240194,0.7039395,-0.26063097,0.6441734,-0.6945354,-0.80289155,-0.5132455,-0.83089286,-0.8420428,0.34362078,0.49018258,0.54757434,-0.6180282
0.78624755,-0.82195145,-0.7626118,0.70414615,-0.26924607,0.64454263,-0.6942864,-0.80312467,-0.5128448,-0.8309568,-0.84182626,0.34546784,0.4911904,0.54786646,-0.61892986
0.78639185,-0.82193047,-0.76244336,0.70391065,-0.26721153,0.64457667,-0.6952244,-0.80301124,-0.513274,-0.83090514,-0.8422819,0.34685352,0.4916964,0.5471271,-0.618301
0.7865049,-0.8219895,-0.7623175,0.70386744,-0.26485384,0.64439005,-0.69545764,-0.8031186,-0.51345694,-0.8309915,-0.84253246,0.34674722,0.4910146,0.5469076,-0.61828214
0.786433,-0.82207704,-0.76308817,0.7044451,-0.27727333,0.6453112,-0.6944584,-0.8034674,-0.5129013,-0.83102787,-0.8420719,0.34691438,0.49092352,0.54776067,-0.6196057
0.7865702,-0.8220873,-0.7624842,0.7042235,-0.2688536,0.6447347,-0.69484115,-0.80310094,-0.5132936,-0.8312273,-0.84228855,0.34619722,0.49121088,0.5473618,-0.61894953
0.785277,-0.82125986,-0.7627599,0.70307535,-0.2675207,0.6433007,-0.6946267,-0.80249405,-0.5121206,-0.8295971,-0.8416586,0.34613815,0.48966175,0.5475234,-0.6174341
0.5650211,0.3044071,-0.83283603,0.59596854,0.8005006,0.27928314,-0.3779494,-0.7141597,-0.081608206,0.65907615,0.006363913,0.18139839,0.047948547,0.8164845,-0.44849542
0.59922695,-0.23021777,-0.84377927,0.6234498,0.78971535,0.3444942,-0.37639573,-0.74321914,-0.13272437,0.6909062,-0.17381714,0.19889055,0.11735507,0.8060146,-0.47587582
0.6209659,-0.5138377,-0.8508018,0.6394699,0.7751941,0.38085067,-0.3720393,-0.7583145,-0.15683393,0.70929146,-0.29033533,0.21387526,0.16417575,0.8014731,-0.49308464
0.6227314,-0.5507557,-0.85164684,0.64236915,0.77251023,0.38443097,-0.37375945,-0.75935274,-0.1613099,0.71043867,-0.31171802,0.21748497,0.17070758,0.8008201,-0.49405077
0.63819474,-0.6347678,-0.85536206,0.6494058,0.7654069,0.39638206,-0.3644137,-0.7677285,-0.1731463,0.7208302,-0.3635768,0.22841685,0.19385032,0.8002815,-0.504403
0.6335909,-0.627597,-0.85345256,0.64977646,0.76605755,0.395094,-0.3757834,-0.76433176,-0.17481251,0.7171524,-0.37024948,0.22741283,0.1918264,0.79791176,-0.4997098
0.6425398,-0.65184915,-0.8547571,0.65301037,0.7672329,0.39818332,-0.3821911,-0.7692272,-0.1851298,0.7227812,-0.39502004,0.23398535,0.20715815,0.79743093,-0.50331813
0.6507016,-0.6995557,-0.8550345,0.6601822,0.76543117,0.40448588,-0.39113125,-0.7709904,-0.20183776,0.7285571,-0.462526,0.23847756,0.21793312,0.7942219,-0.5050094
0.6528126,-0.71118677,-0.85553294,0.6608929,0.75800645,0.40783808,-0.38503608,-0.7717457,-0.20276539,0.729309,-0.4721822,0.24002667,0.22097333,0.7932899,-0.5075468
0.65609884,-0.7166082,-0.8552535,0.66364014,0.7623592,0.40781084,-0.39237723,-0.7727539,-0.21038939,0.7320702,-0.48978025,0.2413571,0.22451022,0.79223675,-0.5075511
0.65131485,-0.7028239,-0.85609424,0.6592914,0.75971663,0.40574566,-0.398482,-0.7714355,-0.20152445,0.7258633,-0.46096042,0.2475517,0.237694,0.7936957,-0.50601
0.8017184,-0.8311969,-0.7642991,0.7228674,-0.51657873,0.6756468,-0.713326,-0.79553133,-0.5469233,-0.84477997,-0.86593413,0.35078704,0.4742174,0.5181062,-0.6424341
0.8003673,-0.8303479,-0.7638505,0.7215371,-0.48553994,0.6722112,-0.71450675,-0.79636097,-0.54648685,-0.84304684,-0.86539406,0.34699035,0.46954268,0.51886284,-0.63719654
0.79932,-0.8296154,-0.76293355,0.7205763,-0.46718672,0.67001,-0.7149282,-0.79562825,-0.54612863,-0.8419603,-0.8648528,0.34507534,0.46759355,0.51866204,-0.63377506
0.79934496,-0.8295904,-0.7629562,0.72032887,-0.4629079,0.669562,-0.71549255,-0.7960535,-0.5460869,-0.84176004,-0.8649921,0.34501883,0.46746606,0.5187141,-0.6329306
0.7994346,-0.82958555,-0.7627831,0.72028166,-0.46128374,0.66958475,-0.71577024,-0.7960751,-0.54649925,-0.8417432,-0.8651906,0.3445554,0.46716386,0.5184536,-0.6326591
0.7989599,-0.829409,-0.76320875,0.7201963,-0.46040687,0.6690373,-0.7145704,-0.7964419,-0.5455682,-0.8414447,-0.86443657,0.34354836,0.46666178,0.51971596,-0.63270754
0.799512,-0.8296489,-0.7627868,0.72037023,-0.461768,0.6696366,-0.71588933,-0.7959932,-0.5464739,-0.8418718,-0.86523944,0.34497583,0.46747723,0.518372,-0.6327659
0.7990605,-0.8295167,-0.7632097,0.7202439,-0.45983756,0.66906726,-0.7145765,-0.79639924,-0.54553026,-0.8415838,-0.86450374,0.34351236,0.4666745,0.5197278,-0.6329521
0.7994463,-0.8297475,-0.7633277,0.720714,-0.4662955,0.6699357,-0.71437293,-0.7962472,-0.54602826,-0.8420209,-0.86467904,0.34325024,0.4674523,0.51956743,-0.6340695
0.79936785,-0.8296599,-0.7631694,0.72056824,-0.46334475,0.6695983,-0.71487355,-0.7962733,-0.54622644,-0.841846,-0.8648139,0.3431274,0.46694273,0.51928794,-0.6333894
0.7294395,-0.79348147,-0.854441,0.68551266,0.7810259,0.4486169,-0.54226756,-0.7965675,-0.3140499,0.76098114,-0.6826937,0.33950934,0.3800079,0.76922107,-0.5235433
0.7304786,-0.79165995,-0.83623105,0.681787,0.76758665,0.47164688,-0.5494925,-0.7561422,-0.33316612,0.60068905,-0.7055044,0.29694998,0.35386053,0.7424667,-0.52257985
0.7397312,-0.7952113,-0.8065065,0.6769866,0.59068733,0.5128672,-0.5622425,-0.7811723,-0.387317,-0.16766249,-0.73427933,0.22893998,0.37697002,0.6797668,-0.5553651
0.73243076,-0.79170084,-0.8183367,0.67630607,0.7111255,0.49295735,-0.5432984,-0.7564905,-0.3545391,0.19005282,-0.71898854,0.24255997,0.35347208,0.70954025,-0.5385295
0.7417338,-0.7962004,-0.79672945,0.6735677,0.58209366,0.52415556,-0.56611043,-0.77127504,-0.39617288,-0.33104163,-0.7451995,0.20821387,0.3809036,0.66399765,-0.5593111
0.75310487,-0.8070869,-0.7935478,0.69317985,-0.0748903,0.59157985,-0.6000316,-0.8013488,-0.42431048,-0.6774399,-0.74481004,0.24630472,0.4344465,0.62461317,-0.6112334
0.7454207,-0.7985161,-0.7936095,0.67494375,0.5663366,0.53017056,-0.5805176,-0.77286726,-0.40872872,-0.36172327,-0.75603205,0.21564232,0.38933042,0.655467,-0.5588369
0.75514823,-0.80888325,-0.7948193,0.69630575,-0.15430324,0.59836906,-0.60971135,-0.80554634,-0.42891145,-0.7107296,-0.7430688,0.26733616,0.44628766,0.6205352,-0.6170423
0.7620598,-0.8125036,-0.78814775,0.6969674,-0.12601696,0.60781825,-0.62978387,-0.806075,-0.45171693,-0.7456736,-0.77626586,0.27532706,0.45651177,0.6061138,-0.61580837
0.7560133,-0.81010723,-0.7996731,0.69986683,-0.25212726,0.6042405,-0.61716956,-0.8094057,-0.42806965,-0.70129174,-0.7300336,0.29756236,0.45630968,0.620601,-0.62235606
0.76193,-0.8132484,-0.792403,0.7003538,-0.22804084,0.6135346,-0.6293398,-0.8092627,-0.447241,-0.74904317,-0.76566,0.2898166,0.45995784,0.6073774,-0.62303597
0.7574752,-0.8113848,-0.79607624,0.7001694,-0.28295547,0.61059153,-0.617975,-0.80925584,-0.43192145,-0.7525631,-0.73741984,0.287367,0.4572024,0.6145821,-0.6263986
0.76580316,-0.8153338,-0.7858707,0.70155853,-0.24362893,0.6234449,-0.6359225,-0.80863714,-0.4582196,-0.78836495,-0.7827527,0.28123873,0.46490145,0.59752387,-0.6262543
0.7659331,-0.81512064,-0.78777426,0.7014968,-0.25077966,0.6222981,-0.6421617,-0.80971146,-0.46063206,-0.77964544,-0.78317183,0.2980458,0.46869662,0.59656864,-0.6246118
0.76060414,-0.81297505,-0.7940263,0.7011615,-0.30367163,0.6161033,-0.6269403,-0.8106173,-0.44071794,-0.7733394,-0.74944264,0.29570958,0.4638253,0.60827446,-0.62841266
0.79911906,-0.82816625,-0.7573175,0.7167396,-0.4043282,0.6640806,-0.7185063,-0.78986907,-0.5439081,-0.84191537,-0.86537284,0.3556897,0.47058448,0.51503444,-0.62368786
0.7995529,-0.8282523,-0.75768614,0.71679115,-0.41225109,0.66501087,-0.71959585,-0.7909131,-0.5443919,-0.8418636,-0.8659673,0.35937566,0.4718328,0.51454884,-0.62364376
0.79994595,-0.8284536,-0.7582248,0.71703434,-0.41811344,0.6653678,-0.7203131,-0.7920108,-0.54466075,-0.84187335,-0.8664174,0.3614657,0.4720682,0.5146765,-0.6238624
0.80003005,-0.82852286,-0.7582408,0.71719974,-0.42211482,0.6659814,-0.72032547,-0.7919065,-0.54475605,-0.8420792,-0.86649275,0.3622856,0.47269422,0.51440316,-0.6245438
0.7999632,-0.82850474,-0.758329,0.71722347,-0.4214929,0.66582185,-0.72102463,-0.79247236,-0.5449453,-0.84187543,-0.8667626,0.36322704,0.47137105,0.5141482,-0.62396735
0.7999285,-0.8285332,-0.758494,0.7173443,-0.42385876,0.6660445,-0.719943,-0.7921574,-0.54460824,-0.84204936,-0.8662958,0.36159694,0.4723406,0.5148344,-0.6249539
0.80000955,-0.8285708,-0.7582976,0.7173004,-0.42068604,0.66580915,-0.7201677,-0.79185224,-0.54471725,-0.84210765,-0.86638755,0.361329,0.47227767,0.5146393,-0.6246235
0.8002409,-0.82870907,-0.75822145,0.7174617,-0.421909,0.66617113,-0.7204603,-0.7918114,-0.54511863,-0.8423489,-0.8666376,0.3616571,0.472571,0.5142959,-0.624893
0.79976904,-0.8284761,-0.7583923,0.7172516,-0.42221013,0.66583437,-0.719833,-0.7918278,-0.54461545,-0.8419104,-0.86621296,0.36078125,0.4719376,0.5147565,-0.62482595
0.80009705,-0.8286165,-0.7583196,0.71738005,-0.4230474,0.66598797,-0.7202188,-0.79189104,-0.54488033,-0.8421552,-0.8665153,0.36141384,0.47210997,0.5145332,-0.624934
0.8003951,-0.82883614,-0.7583551,0.71774477,-0.42649928,0.6668111,-0.7204848,-0.79177314,-0.54550487,-0.84251314,-0.8667959,0.36157805,0.4727034,0.5140636,-0.6256355
0.80017406,-0.82871413,-0.75861704,0.7176827,-0.4268849,0.6664385,-0.7203408,-0.7922264,-0.54526,-0.84217894,-0.8666263,0.36133885,0.47189277,0.51449406,-0.6253702
0.80020624,-0.82874364,-0.75858164,0.71765804,-0.42731106,0.6664691,-0.7203364,-0.7919606,-0.54502153,-0.8422816,-0.866632,0.36187205,0.47251487,0.5144212,-0.62549454
0.80002075,-0.8285783,-0.7583814,0.717383,-0.4230959,0.66604877,-0.72026455,-0.7920328,-0.5448868,-0.84209985,-0.86648875,0.36154357,0.4720747,0.51450574,-0.62483746
0.76864326,-0.8133674,-0.7715817,0.69214207,-0.16619879,0.6231037,-0.6570801,-0.8076011,-0.4574071,-0.8101945,-0.7855655,0.32091978,0.5055277,0.58909345,-0.618491
0.77095985,-0.81526554,-0.77567196,0.6963925,-0.2665788,0.63069606,-0.6573582,-0.8116663,-0.45539066,-0.813285,-0.77642995,0.3376528,0.5073669,0.5888227,-0.6276228
0.7716368,-0.81568456,-0.7748846,0.6967494,-0.26639667,0.6319324,-0.65935653,-0.8112616,-0.45899487,-0.81475717,-0.7827817,0.33793682,0.50792456,0.5866818,-0.6274139
0.7726168,-0.8161696,-0.7750475,0.697006,-0.27225873,0.6325601,-0.6613126,-0.8122545,-0.45993432,-0.8154871,-0.78386456,0.34270546,0.5101989,0.5861923,-0.6282675
0.77397203,-0.81687194,-0.7735748,0.6974804,-0.2566958,0.63286275,-0.66518575,-0.8116479,-0.46753564,-0.8178845,-0.7956706,0.3426261,0.5091434,0.58248645,-0.6265967
0.77308446,-0.81673896,-0.7745975,0.6975656,-0.2605075,0.63234365,-0.6620151,-0.81183094,-0.46429977,-0.8178099,-0.7919715,0.33874428,0.50672567,0.5849138,-0.627637
0.77362275,-0.8166359,-0.77398837,0.6969384,-0.24896167,0.6318135,-0.6649293,-0.8120036,-0.4655507,-0.816918,-0.7933259,0.34372446,0.5105258,0.5841302,-0.62607545
0.77424115,-0.8171219,-0.77391,0.6976237,-0.25811058,0.63263124,-0.66493696,-0.8124285,-0.46667597,-0.8186236,-0.79494387,0.3457395,0.51099294,0.58379084,-0.62739307
0.77333516,-0.8165746,-0.77393913,0.69700056,-0.24753432,0.63211554,-0.6651733,-0.81093854,-0.46794185,-0.8171183,-0.79701006,0.33975032,0.5070255,0.58279,-0.62510633
0.7754418,-0.81769025,-0.77306616,0.69803005,-0.2515942,0.6336288,-0.66836864,-0.81163037,-0.47267598,-0.81970996,-0.8032082,0.34390995,0.50771785,0.5799936,-0.62605816
0.7749066,-0.817578,-0.7735972,0.6983312,-0.26217556,0.63402766,-0.6663545,-0.81166935,-0.47112003,-0.8199583,-0.801253,0.3420476,0.5064257,0.580925,-0.6271602
0.77503055,-0.81745213,-0.77277666,0.6979466,-0.2497301,0.63375586,-0.66794354,-0.810953,-0.47292897,-0.8194956,-0.8037425,0.34059012,0.5066334,0.57968336,-0.6254582
0.7753244,-0.8176679,-0.7725644,0.6983862,-0.25819963,0.63466895,-0.66805464,-0.81108844,-0.4736428,-0.8203772,-0.80470043,0.34204522,0.50736046,0.57926774,-0.6263282
0.77487934,-0.817421,-0.77289176,0.6983054,-0.25460684,0.6343061,-0.6676378,-0.8108452,-0.47348243,-0.8196175,-0.80399567,0.33965096,0.5063153,0.57967734,-0.625565
0.7755912,-0.81784225,-0.77241397,0.69857854,-0.2570168,0.6347844,-0.66832733,-0.81108415,-0.47418645,-0.8207845,-0.8057485,0.34081402,0.50677514,0.578998,-0.6263618
0.7754365,-0.8177056,-0.77257335,0.69832003,-0.2528593,0.6343693,-0.6688622,-0.81079644,-0.4748907,-0.82018495,-0.8062003,0.3406062,0.5056111,0.5785482,-0.62551516
0.7860344,-0.8226004,-0.76462907,0.7051008,-0.27756423,0.6445282,-0.6896697,-0.80554074,-0.5096478,-0.8320181,-0.839123,0.3431843,0.49047154,0.55184186,-0.62423384
0.78630334,-0.8224576,-0.7639408,0.7056113,-0.2855826,0.6459445,-0.69234836,-0.80358773,-0.5131411,-0.8316607,-0.8415719,0.3400652,0.4875432,0.54840964,-0.6218206
0.7863984,-0.8222466,-0.76302665,0.70495564,-0.27479327,0.6451909,-0.69370955,-0.80314946,-0.51362777,-0.83141696,-0.84210026,0.34162533,0.48881266,0.5476848,-0.62004346
0.7859915,-0.822186,-0.7639383,0.704917,-0.27250946,0.6448702,-0.6926928,-0.8035872,-0.5126654,-0.8309764,-0.8413993,0.33982575,0.48748222,0.5491959,-0.62008685
0.78621405,-0.8222136,-0.7638458,0.70467365,-0.2692478,0.6448178,-0.6933024,-0.8040092,-0.5125602,-0.83088416,-0.84151345,0.34214363,0.48876527,0.5491849,-0.61971426
0.7859639,-0.82231253,-0.7645505,0.70531195,-0.28401434,0.6456657,-0.6917346,-0.80420125,-0.5118635,-0.83107704,-0.8408288,0.33975196,0.4882481,0.55014426,-0.62167126
0.7859632,-0.82215697,-0.76373976,0.70486337,-0.26930317,0.6444758,-0.69247115,-0.80361646,-0.51285964,-0.8309575,-0.84128404,0.33925354,0.4873762,0.5493127,-0.6198941
0.78611904,-0.82226604,-0.76392305,0.7050352,-0.27221936,0.6448326,-0.6927518,-0.80376273,-0.51287454,-0.83102226,-0.84148777,0.3394109,0.48733777,0.5491698,-0.6200954
0.78577995,-0.82220066,-0.76402944,0.7049709,-0.26949933,0.6443385,-0.6912097,-0.803758,-0.5118817,-0.8311238,-0.8404757,0.33804893,0.4878569,0.55051947,-0.6207099
0.7855936,-0.8219933,-0.76399314,0.70492667,-0.2741279,0.6447668,-0.6921971,-0.8032084,-0.5128828,-0.8306866,-0.8411553,0.33798552,0.48656762,0.54908025,-0.6199253
0.78539664,-0.8218955,-0.7639268,0.7044686,-0.26588672,0.6439882,-0.69200593,-0.8032788,-0.5121255,-0.830461,-0.8407476,0.33768216,0.48714343,0.5497839,-0.6193575
0.7857793,-0.8222244,-0.7646485,0.7051187,-0.28027618,0.6450432,-0.69185376,-0.8040584,-0.5120096,-0.8308399,-0.8408659,0.3396336,0.48756263,0.5501705,-0.62117714
0.7853373,-0.82189095,-0.76395977,0.704484,-0.26540965,0.64387244,-0.69178873,-0.8031337,-0.5121414,-0.830464,-0.84071934,0.3366027,0.48651248,0.54977906,-0.61943007
0.66093755,-0.721514,-0.8591296,0.6646384,0.7849661,0.40063664,-0.43009165,-0.78046286,-0.21155395,0.73027813,-0.46976784,0.26637283,0.25991824,0.79924047,-0.50236017
0.64382035,-0.6829396,-0.8558422,0.65947026,0.7847238,0.39465338,-0.40394247,-0.7707465,-0.19399898,0.7251475,-0.4268996,0.24028508,0.20775287,0.80052465,-0.49701914
0.6377855,-0.6656964,-0.8531554,0.6559708,0.7817617,0.39534655,-0.4006395,-0.7658238,-0.1881925,0.7235586,-0.4142886,0.23325889,0.19848052,0.79788375,-0.495104
0.6527059,-0.70738095,-0.85458106,0.6623213,0.7788061,0.40419862,-0.40265816,-0.7719617,-0.20245026,0.7340186,-0.46355686,0.24291301,0.21756513,0.7953867,-0.5027239
0.6470639,-0.6933218,-0.8538739,0.6592265,0.77884436,0.40131655,-0.4051098,-0.7693157,-0.19790003,0.72865385,-0.44515222,0.24083127,0.2165174,0.7957958,-0.499013
0.6532738,-0.7063062,-0.8550005,0.66202444,0.7801551,0.40304005,-0.41067794,-0.7726808,-0.20373273,0.732363,-0.46220526,0.2478841,0.22800896,0.7959137,-0.50149745
0.65366226,-0.7137964,-0.854764,0.6632142,0.7806947,0.40353766,-0.41330793,-0.77190983,-0.2074092,0.7326268,-0.47919175,0.24615134,0.22538221,0.79518896,-0.5005272
0.65373194,-0.71436954,-0.8552024,0.66336143,0.7811216,0.4029096,-0.41259968,-0.7722962,-0.20762533,0.73240405,-0.4787407,0.24682355,0.22674218,0.79575974,-0.5008557
0.65966153,-0.72849655,-0.85502636,0.6661637,0.77912277,0.4064429,-0.41645014,-0.7736918,-0.21703124,0.73580015,-0.5070977,0.25023943,0.23455597,0.79322326,-0.5028813
0.66271806,-0.7375558,-0.8549059,0.6675569,0.77891874,0.40886363,-0.41898865,-0.77377194,-0.22166061,0.7380376,-0.5241955,0.251867,0.23851395,0.7920887,-0.5036563
0.660971,-0.7338337,-0.85513055,0.6669786,0.7784645,0.40772864,-0.4155955,-0.7735213,-0.2182393,0.7366829,-0.5158314,0.24972215,0.23443875,0.7930123,-0.5034279
0.6631054,-0.73631537,-0.8549934,0.66777533,0.77878505,0.40863207,-0.4195097,-0.77425385,-0.22210422,0.7382825,-0.522858,0.25267622,0.23977531,0.79218376,-0.50396407
0.66206264,-0.73147786,-0.85583305,0.666554,0.7781178,0.40817124,-0.4134063,-0.77530843,-0.21653137,0.73753256,-0.5074371,0.25140157,0.23773947,0.793834,-0.5052169
0.6608991,-0.7301055,-0.8551327,0.66677547,0.7791149,0.40708974,-0.41716754,-0.77439123,-0.21866526,0.7371162,-0.51058745,0.25127348,0.23578559,0.79303426,-0.50361854
0.78752065,-0.8228384,-0.7619335,0.70551956,-0.30523354,0.6463445,-0.69363683,-0.8039173,-0.5114178,-0.8335018,-0.841027,0.35965496,0.49881944,0.546855,-0.6254912
0.78691006,-0.82185096,-0.76216525,0.70230955,-0.27257442,0.64433855,-0.6970175,-0.8052929,-0.50969225,-0.8309464,-0.8409323,0.36535728,0.5039938,0.5480742,-0.619916
0.78704065,-0.8216556,-0.7609129,0.7020866,-0.2637143,0.64427704,-0.6981382,-0.8042329,-0.5113563,-0.83085084,-0.8421066,0.3631709,0.50248486,0.54629207,-0.61773163
0.78644896,-0.82127845,-0.76180357,0.701003,-0.25494218,0.64322627,-0.6974002,-0.8051736,-0.5088031,-0.8296826,-0.8405883,0.36457083,0.5045122,0.54913706,-0.6166434
0.78543437,-0.8207834,-0.76183563,0.7001907,-0.25312728,0.6420006,-0.6958089,-0.8064285,-0.50576633,-0.82900524,-0.83781207,0.36941668,0.5099309,0.5514592,-0.6177717
0.7861715,-0.8210413,-0.7619222,0.7003959,-0.25818822,0.6427135,-0.6975942,-0.8065282,-0.50682086,-0.8290194,-0.8391383,0.3718891,0.5094831,0.5503548,-0.6173429
0.78671056,-0.8214184,-0.76155233,0.70141506,-0.2651126,0.64380115,-0.6978528,-0.80552185,-0.50901556,-0.8300985,-0.84069234,0.36912996,0.50667024,0.54854614,-0.61792994
0.78652406,-0.821372,-0.76137805,0.7016479,-0.2633088,0.64344394,-0.6973707,-0.80498236,-0.50955296,-0.8300336,-0.8406822,0.36599562,0.50476444,0.5482542,-0.6175058
0.7865423,-0.82129997,-0.7612429,0.7013053,-0.26379174,0.6435075,-0.69764,-0.80507094,-0.50912184,-0.8299883,-0.8406941,0.3672028,0.5056996,0.548196,-0.6177001
0.7865729,-0.821291,-0.7613433,0.70111483,-0.26147613,0.6434176,-0.6982118,-0.8050343,-0.5094617,-0.82989776,-0.84083503,0.36918658,0.50665,0.5480437,-0.6171099
0.7855888,-0.8208529,-0.76188207,0.7004979,-0.26145026,0.6425637,-0.69624496,-0.8052826,-0.5067565,-0.8290447,-0.8388651,0.36835438,0.5079349,0.5503858,-0.61771524
0.7867368,-0.82134587,-0.76138806,0.7011558,-0.26628527,0.6438463,-0.6983824,-0.80546814,-0.50901383,-0.829947,-0.8408646,0.36997148,0.50718105,0.5480071,-0.6176769
0.7868766,-0.8214424,-0.7613102,0.70138264,-0.2666709,0.6437984,-0.6983543,-0.80543983,-0.50927573,-0.8301224,-0.84100986,0.36982128,0.5068132,0.54802126,-0.6177712
0.7867572,-0.82118505,-0.76059496,0.70076275,-0.25950027,0.64337736,-0.6993754,-0.80457807,-0.5100346,-0.8298125,-0.8416148,0.3695502,0.50674653,0.5467002,-0.61609477
0.7869169,-0.8213736,-0.76064676,0.70148957,-0.2682202,0.644086,-0.6988068,-0.8043142,-0.5104942,-0.83033204,-0.84178954,0.36870906,0.5056942,0.5463633,-0.61735684
0.7871106,-0.82142955,-0.7606115,0.7013189,-0.26325125,0.64388996,-0.6991813,-0.8048234,-0.5103844,-0.8303071,-0.8417937,0.36992434,0.5064393,0.5466081,-0.6169235
0.78714883,-0.82147247,-0.7607938,0.70133674,-0.2641242,0.6438526,-0.6993454,-0.8049312,-0.51041776,-0.8303423,-0.84191525,0.3701375,0.50630444,0.54669535,-0.61700207
0.78697526,-0.8214101,-0.7607947,0.7014586,-0.26499423,0.6438331,-0.698699,-0.80469644,-0.5102093,-0.8303442,-0.8416029,0.3692409,0.5060238,0.54701,-0.6172028
0.7873302,-0.82147366,-0.7604494,0.70130736,-0.26300877,0.64397115,-0.6998247,-0.8046937,-0.51105374,-0.83042765,-0.8423885,0.37014866,0.50596404,0.5459418,-0.6165813
0.78627723,-0.8209703,-0.76043403,0.7007112,-0.25985783,0.6424752,-0.6988905,-0.80384994,-0.5101726,-0.82956415,-0.84148026,0.36937264,0.5052969,0.54639035,-0.6161352
0.7208534,-0.7881627,-0.8509849,0.67436904,0.777113,0.45876598,-0.56451005,-0.78600156,-0.3152667,0.7530747,-0.680772,0.33958203,0.40857115,0.7584734,-0.5149141
0.7118167,-0.77979714,-0.8522365,0.67030436,0.78626734,0.44534883,-0.54054207,-0.7872046,-0.27633947,0.7294592,-0.64850634,0.33748576,0.3985255,0.7732157,-0.511345
0.71145064,-0.7776202,-0.84952086,0.67066306,0.7852745,0.45237568,-0.52433705,-0.7776855,-0.26472735,0.7117204,-0.63755107,0.32134783,0.3781422,0.7728254,-0.5150577
0.71031123,-0.7750712,-0.84579176,0.66801006,0.78114676,0.45841053,-0.51986814,-0.76851195,-0.26079598,0.687147,-0.6341163,0.31174737,0.37101874,0.76833457,-0.51585776
0.7130721,-0.7760429,-0.8433932,0.66764235,0.7784687,0.46474275,-0.5243886,-0.76451206,-0.26468113,0.6629293,-0.641036,0.3110783,0.37602666,0.763943,-0.5177966
0.7185981,-0.7785618,-0.8368775,0.6659981,0.76948595,0.47462034,-0.5347949,-0.76567835,-0.27842635,0.5101383,-0.6546841,0.30425453,0.38910455,0.7511886,-0.52400935
0.6592646,-0.70354533,-0.8485526,0.65035117,0.77402794,0.42110074,-0.4726781,-0.7693849,-0.19208871,0.72656167,-0.39951724,0.28493112,0.3090562,0.78611195,-0.49264616
0.68355644,-0.75281364,-0.85226816,0.6602008,0.77589893,0.4326838,-0.48064703,-0.78128016,-0.22049282,0.74617124,-0.5188613,0.31034127,0.34624982,0.78080636,-0.50919074
0.68951654,-0.7571659,-0.86117923,0.666809,0.7947254,0.42358088,-0.47834596,-0.7875238,-0.21372291,0.74547625,-0.51410085,0.31471094,0.35350046,0.797817,-0.51336986
0.7094024,-0.77753246,-0.85026133,0.6736133,0.7844943,0.44971433,-0.51639163,-0.7778918,-0.26757,0.7509608,-0.63815993,0.31658375,0.35952827,0.77366084,-0.5137565
0.7094781,-0.77614105,-0.8484785,0.6704342,0.78304964,0.45288375,-0.5164383,-0.7716371,-0.26226518,0.72651064,-0.6352873,0.3139329,0.36442822,0.7719593,-0.5147546
0.70394063,-0.7731174,-0.8486691,0.66901004,0.7824938,0.44726226,-0.5116961,-0.77206135,-0.25868854,0.73059595,-0.6266376,0.30849025,0.35479122,0.77291554,-0.5108403
0.70386744,-0.7724362,-0.85269827,0.6712879,0.7841391,0.4392101,-0.49325088,-0.7815269,-0.2509957,0.73698974,-0.6045122,0.3048921,0.33901438,0.78008974,-0.5152513
0.707773,-0.77629554,-0.84875923,0.67254984,0.782169,0.44892967,-0.5157946,-0.7740615,-0.26827154,0.7507177,-0.6392097,0.31121528,0.353085,0.7712932,-0.51231235
0.6735383,-0.7425787,-0.85497403,0.6593984,0.788007,0.41748914,-0.46722448,-0.7745453,-0.2090945,0.73501384,-0.4917187,0.2937866,0.3148584,0.792524,-0.5019995
0.7041607,-0.7730415,-0.85150087,0.670702,0.78659844,0.44411904,-0.5069692,-0.77728575,-0.25473133,0.74652296,-0.61835295,0.3130087,0.35523912,0.7783932,-0.5123157
0.7956947,-0.82996106,-0.7707272,0.72128373,-0.51871294,0.67229795,-0.6935114,-0.80196977,-0.5362352,-0.8414194,-0.8558442,0.3177713,0.46660373,0.5331353,-0.64817613
0.7950041,-0.8294289,-0.7696501,0.7214522,-0.4949189,0.67030424,-0.6959227,-0.8003968,-0.53861094,-0.8401949,-0.85646963,0.30861592,0.46210846,0.5326278,-0.64378494
0.7941632,-0.8281404,-0.76714814,0.7188686,-0.44862637,0.66628855,-0.7007377,-0.79970247,-0.5377749,-0.8383771,-0.8567643,0.31399056,0.46310887,0.53104705,-0.63579834
0.79431945,-0.82815295,-0.7671911,0.7189835,-0.44824854,0.66533077,-0.7011786,-0.800349,-0.53719956,-0.8386172,-0.8566491,0.32108265,0.46386018,0.53184706,-0.6358909
0.7937835,-0.8280462,-0.7676984,0.7189464,-0.4463658,0.6647346,-0.69968915,-0.8005394,-0.5369192,-0.83827186,-0.85598,0.31600693,0.46190256,0.53314924,-0.63597727
0.79285765,-0.8275436,-0.76694524,0.71804637,-0.41980755,0.66183966,-0.6995304,-0.79957986,-0.53636813,-0.837599,-0.8552544,0.31321245,0.45910493,0.5336668,-0.63303894
0.7932432,-0.82757705,-0.76646864,0.71818954,-0.42655924,0.6626967,-0.7004079,-0.7991634,-0.5370194,-0.83782536,-0.85586023,0.31424394,0.4604368,0.5323919,-0.63321966
0.79297376,-0.8275,-0.7666939,0.71814567,-0.42542797,0.66227895,-0.70019794,-0.79923785,-0.5366915,-0.8376527,-0.85568863,0.31403604,0.45946434,0.53274864,-0.6330591
0.7934283,-0.8276153,-0.76614076,0.7180709,-0.4226395,0.6627149,-0.70074254,-0.79896384,-0.5370135,-0.83806884,-0.85601836,0.31488797,0.46105328,0.532089,-0.6329121
0.79321927,-0.82754815,-0.7666303,0.7180251,-0.42652452,0.66294396,-0.70060694,-0.79953325,-0.5367192,-0.83772814,-0.8558761,0.31552052,0.46083233,0.5324313,-0.63314253
0.7929851,-0.827263,-0.7659318,0.7174075,-0.41334006,0.66164374,-0.70092803,-0.79908276,-0.53634775,-0.8375174,-0.8556335,0.31550312,0.4611604,0.5324132,-0.6314623
0.7933652,-0.8276083,-0.76677,0.71829003,-0.43663418,0.6634472,-0.70049894,-0.79947346,-0.5368099,-0.83780104,-0.8560445,0.3166803,0.46121722,0.5322853,-0.6339786
0.793498,-0.8275398,-0.76581365,0.717816,-0.41824892,0.66228545,-0.7015493,-0.79878116,-0.5371425,-0.8379869,-0.8562538,0.3157967,0.46139714,0.53160757,-0.63200784
0.68487805,-0.76548934,-0.8621916,0.67635715,0.7826822,0.40975675,-0.4453776,-0.7911627,-0.2442478,0.7458539,-0.56480086,0.28889978,0.29689077,0.79606044,-0.51339793
0.6618574,-0.73801243,-0.8592542,0.66926676,0.78662395,0.40081432,-0.41325736,-0.7786882,-0.21613355,0.73755753,-0.506357,0.2591435,0.23783961,0.80032814,-0.5049452
0.6611803,-0.7262953,-0.8557433,0.665393,0.7807838,0.4075178,-0.414749,-0.7758674,-0.21357319,0.73772424,-0.49348095,0.25226548,0.2364487,0.79474485,-0.50431556
0.6417283,-0.6911791,-0.8539286,0.65828794,0.7802358,0.3994973,-0.4000735,-0.76698816,-0.19071302,0.72626096,-0.43438864,0.23795144,0.20834234,0.79725456,-0.49745902
0.66845226,-0.7215693,-0.86043483,0.6639091,0.77257746,0.4086455,-0.41014615,-0.783756,-0.20687014,0.739531,-0.46504942,0.2716765,0.27130592,0.7978024,-0.5153497
0.6656074,-0.75035393,-0.84990203,0.6688383,0.7534693,0.42634252,-0.41180852,-0.7659635,-0.22733225,0.73932785,-0.56049025,0.2598614,0.25794792,0.7770626,-0.5088696
0.6098522,-0.30667758,-0.8457612,0.62214386,0.78196484,0.3653482,-0.40587133,-0.7496617,-0.1238018,0.69245017,-0.090413384,0.23423372,0.20179966,0.80357474,-0.48091033
0.6748679,-0.75005275,-0.85935354,0.67146695,0.78119576,0.41284984,-0.3994975,-0.78081805,-0.22195412,0.7501681,-0.5311779,0.25580445,0.23997295,0.7980034,-0.51530606
0.68721247,-0.76004833,-0.8616962,0.6748877,0.7695663,0.4184227,-0.40798786,-0.7900936,-0.23215766,0.75244707,-0.5459554,0.27820742,0.27980235,0.79433155,-0.52388257
0.66524804,-0.7461811,-0.8516486,0.66720283,0.7573142,0.42288792,-0.42003748,-0.7664863,-0.22457029,0.73969394,-0.5501521,0.2636498,0.26579392,0.7830187,-0.50699943
0.6810567,-0.76114416,-0.8557494,0.67499757,0.77553046,0.41728085,-0.4312405,-0.78039485,-0.24472922,0.7501651,-0.5765392,0.26724672,0.26392755,0.78769493,-0.51204085
0.6605394,-0.7410805,-0.8526418,0.6675484,0.7708032,0.4144938,-0.401121,-0.7698357,-0.22006443,0.7380759,-0.53085124,0.2433116,0.22516333,0.7875915,-0.5053854
0.65380585,-0.73005956,-0.85427266,0.66381294,0.7785295,0.40664887,-0.41435874,-0.7688992,-0.2116921,0.73183286,-0.5069059,0.24480626,0.22827092,0.79324,-0.49953398
0.6698468,-0.7501158,-0.8545881,0.67107606,0.7707031,0.4142103,-0.42192173,-0.77410764,-0.2319758,0.74081105,-0.5553228,0.25540763,0.25034025,0.78833807,-0.5070829
0.6767016,-0.75565803,-0.85541815,0.6731954,0.77326727,0.41628382,-0.42553943,-0.7787356,-0.23978676,0.74683136,-0.56571597,0.26178658,0.25830105,0.7878494,-0.5110023
0.67699254,-0.7581098,-0.85470587,0.6735238,0.7737564,0.41802058,-0.42364204,-0.77612007,-0.23917097,0.74751323,-0.5711929,0.2592781,0.25503415,0.78738904,-0.5103902
0.6842884,-0.76446086,-0.85725826,0.6773626,0.77889985,0.41776353,-0.41209495,-0.78126353,-0.24050622,0.7582121,-0.5753816,0.26175416,0.2464916,0.7919678,-0.5177712
0.7919376,-0.8264479,-0.76511365,0.7149082,-0.3934899,0.6584687,-0.6969205,-0.7995275,-0.5289559,-0.8381953,-0.85192317,0.33028278,0.47035182,0.53659374,-0.63235396
0.7915699,-0.8259006,-0.7639816,0.71394354,-0.37085435,0.65652275,-0.6991612,-0.79878646,-0.5299021,-0.837113,-0.85249984,0.32901663,0.46880466,0.53538066,-0.6281573
0.7917532,-0.8268525,-0.76566076,0.7159678,-0.38098317,0.6563614,-0.6955463,-0.79875225,-0.52949345,-0.838162,-0.8511811,0.32133844,0.46715003,0.53906435,-0.6315779
0.7915032,-0.8250718,-0.7615511,0.7114609,-0.33271685,0.65339756,-0.7035517,-0.79713655,-0.5309374,-0.8355797,-0.8539887,0.32975706,0.4682935,0.5327493,-0.6207073
0.7929478,-0.8259277,-0.761492,0.7133525,-0.35447216,0.65655607,-0.70461977,-0.7968337,-0.5332934,-0.8373169,-0.8555335,0.3306046,0.468898,0.53059405,-0.6234268
0.79315364,-0.82583404,-0.7611321,0.71287775,-0.34866834,0.65634495,-0.70635766,-0.79708135,-0.53411204,-0.83694667,-0.85636246,0.33222383,0.46834007,0.5293973,-0.6215791
0.79360086,-0.8262118,-0.76117694,0.71409094,-0.3641796,0.6575237,-0.70576453,-0.7960877,-0.534831,-0.8378761,-0.8566298,0.3321781,0.4680425,0.52897245,-0.62389386
0.7931999,-0.8260289,-0.7613876,0.71370876,-0.36001536,0.6568789,-0.70555496,-0.7963786,-0.5342609,-0.8374012,-0.85632473,0.33140534,0.46734723,0.52947056,-0.623328
0.79348415,-0.8261419,-0.76150805,0.7138326,-0.36435553,0.65749854,-0.7058376,-0.796764,-0.5343715,-0.8375706,-0.8565212,0.3328432,0.4683194,0.52938086,-0.62374425
0.7932811,-0.82593334,-0.7609593,0.7133711,-0.35395417,0.65656596,-0.7062428,-0.7963412,-0.53447634,-0.8373714,-0.856535,0.33234644,0.46771947,0.52899224,-0.6223518
0.79340214,-0.8260096,-0.7610692,0.7134971,-0.35778144,0.656726,-0.7066612,-0.7962383,-0.53455406,-0.83737975,-0.8568118,0.33339265,0.4677025,0.5287374,-0.6224583
0.7941455,-0.8261233,-0.76004136,0.7136449,-0.36106476,0.6574649,-0.70846844,-0.79508394,-0.5359063,-0.8379002,-0.85797143,0.33716625,0.46882078,0.5264863,-0.62184405
0.7943472,-0.8264619,-0.76061535,0.71436787,-0.37104756,0.65825427,-0.7073089,-0.7952589,-0.53569347,-0.8384639,-0.85777706,0.33648127,0.46848115,0.52721465,-0.62419796
0.7937044,-0.825976,-0.7604326,0.71342266,-0.35669467,0.65697104,-0.70738775,-0.79582936,-0.5350683,-0.83762974,-0.85720026,0.33581048,0.4685786,0.52774906,-0.6218866
0.7935891,-0.82595867,-0.7606773,0.71354413,-0.36486334,0.65721774,-0.7069779,-0.7954389,-0.5347365,-0.83754975,-0.85711557,0.33546895,0.468607,0.5278982,-0.62272006
0.7936805,-0.8260802,-0.7608677,0.71344817,-0.3557622,0.65656364,-0.70701134,-0.7962042,-0.53469014,-0.8375244,-0.8570563,0.33465266,0.46775478,0.5286473,-0.62220776
0.79384977,-0.8260491,-0.76019686,0.7135868,-0.3579699,0.656966,-0.7078199,-0.7953361,-0.5355864,-0.8376823,-0.8575671,0.33502963,0.4678938,0.527111,-0.62174004
0.7938576,-0.82607275,-0.76052374,0.7134484,-0.35515675,0.6569236,-0.7073408,-0.79587835,-0.53492755,-0.8377513,-0.85722756,0.33572334,0.46855873,0.52805823,-0.62195957
0.7941766,-0.82620686,-0.759946,0.7136795,-0.35599563,0.65750796,-0.708063,-0.7953658,-0.5358287,-0.83821374,-0.85769194,0.33504215,0.469499,0.5267846,-0.621967
0.7714988,-0.8183486,-0.7807424,0.7041444,-0.21582486,0.62337196,-0.659438,-0.8067689,-0.49368933,-0.80715007,-0.8186466,0.2785343,0.4560033,0.5791189,-0.6193577
0.7711814,-0.8192156,-0.78161305,0.7078711,-0.33152747,0.63763934,-0.6497532,-0.80544233,-0.48847494,-0.81408805,-0.8155248,0.25612444,0.44749844,0.5777131,-0.6305376
0.7774329,-0.8225739,-0.7807959,0.71127427,-0.3854502,0.6470915,-0.6544434,-0.8085047,-0.49496675,-0.8233126,-0.8216289,0.27221763,0.45651448,0.5730212,-0.6391597
0.77225715,-0.8202451,-0.78294474,0.70981246,-0.41189438,0.6464039,-0.6454201,-0.8065503,-0.4859783,-0.81621295,-0.81359243,0.25504276,0.44806546,0.57622164,-0.63841087
0.77543765,-0.8212347,-0.7813241,0.7104544,-0.3895022,0.6463362,-0.65482616,-0.80790544,-0.49226892,-0.81778514,-0.8192633,0.27326357,0.45685044,0.57315606,-0.6368998
0.7760469,-0.8217754,-0.78113145,0.71083146,-0.3900322,0.64655197,-0.65381485,-0.8079144,-0.49341097,-0.8210909,-0.8202894,0.27043715,0.45401832,0.57291806,-0.63804775
0.77586484,-0.8215845,-0.7812298,0.71012956,-0.37766454,0.6451348,-0.65429384,-0.80841655,-0.4921743,-0.8207027,-0.81951207,0.27318093,0.45663312,0.57434535,-0.6372759
0.7737278,-0.82016915,-0.7812286,0.70851886,-0.3547698,0.64161843,-0.6542468,-0.8073435,-0.48948184,-0.8161774,-0.8170472,0.2734727,0.45679486,0.5757194,-0.63337713
0.77538294,-0.82121557,-0.78038573,0.70952386,-0.36392587,0.6441314,-0.6554827,-0.807065,-0.49367955,-0.82100904,-0.8205027,0.27246076,0.4561556,0.57369405,-0.6352696
0.7750547,-0.82101244,-0.7812391,0.71074414,-0.3805584,0.64524066,-0.65723914,-0.807436,-0.49615678,-0.8159194,-0.8216034,0.26957428,0.45267415,0.5714998,-0.6345538
0.7780484,-0.82203895,-0.7777465,0.7109424,-0.36284375,0.646806,-0.66422266,-0.8063166,-0.50241274,-0.82208973,-0.82772493,0.27541804,0.4569511,0.56627035,-0.6336355
0.77761745,-0.8219395,-0.7779998,0.7106277,-0.37257588,0.6475084,-0.66235936,-0.8059971,-0.5010702,-0.8235328,-0.82689244,0.27402136,0.4564444,0.5669736,-0.6347892
0.77724206,-0.82184243,-0.7788796,0.71064997,-0.3728103,0.64704514,-0.6599989,-0.8070231,-0.4980401,-0.82266563,-0.8245434,0.27429923,0.45724392,0.5694211,-0.63540286
0.7765456,-0.8212974,-0.77856046,0.7095649,-0.35699135,0.644983,-0.6605825,-0.8067623,-0.49687997,-0.8218891,-0.8235745,0.27701995,0.45895028,0.5701714,-0.63365793
0.77654237,-0.8213247,-0.77879405,0.70976096,-0.3599352,0.6449094,-0.6607288,-0.8067464,-0.49765393,-0.82173336,-0.823997,0.27726611,0.45778558,0.5700692,-0.63360304
0.79446733,-0.8256645,-0.75746894,0.71185684,-0.3375209,0.655771,-0.7110683,-0.79289347,-0.53462696,-0.8384307,-0.8583171,0.3506631,0.47518274,0.524066,-0.6187114
0.79522085,-0.8261527,-0.7580634,0.7128806,-0.35346296,0.65702957,-0.7111854,-0.7936336,-0.53589004,-0.83889276,-0.8592292,0.34813377,0.47274125,0.52404225,-0.6203562
0.7952833,-0.82596725,-0.75761086,0.7123198,-0.34552976,0.656639,-0.712066,-0.7934353,-0.5362908,-0.83855045,-0.8596361,0.34842783,0.4724557,0.52333426,-0.61839116
0.79509807,-0.8258107,-0.757552,0.7121165,-0.34338734,0.65647155,-0.7122472,-0.7935513,-0.53638196,-0.83827806,-0.8596382,0.34747428,0.47211355,0.5231504,-0.61760706
0.7954014,-0.8259343,-0.7572074,0.7122126,-0.34256855,0.65643483,-0.71298546,-0.7930537,-0.5367642,-0.83855003,-0.8601058,0.34845996,0.47224325,0.5224,-0.61735195
0.79500586,-0.82568145,-0.75727576,0.7118167,-0.34013826,0.65599954,-0.71257615,-0.7930085,-0.5360494,-0.8381514,-0.85964286,0.34915385,0.47263744,0.52284914,-0.61684495
0.79511297,-0.8258548,-0.75712043,0.71223265,-0.34146747,0.65626067,-0.7121406,-0.7927611,-0.5363897,-0.8385775,-0.8595191,0.34778523,0.4726461,0.52290714,-0.617866
0.79542536,-0.82593834,-0.7573653,0.7121399,-0.34267125,0.6565016,-0.7129467,-0.79330885,-0.53655314,-0.838541,-0.8600295,0.34913132,0.47269684,0.5226719,-0.6173476
0.79527885,-0.8259102,-0.75763345,0.7122238,-0.3438975,0.6565032,-0.7123742,-0.793605,-0.5363202,-0.8384598,-0.8597558,0.34781572,0.47230121,0.5232206,-0.61771536
0.7952853,-0.8258158,-0.7570905,0.71205133,-0.34229675,0.6563681,-0.7128493,-0.7927975,-0.53640544,-0.83848214,-0.8598659,0.34999737,0.4732815,0.5224777,-0.61714184
0.7954054,-0.825953,-0.7574534,0.7123102,-0.34689757,0.65678513,-0.71288764,-0.79316896,-0.53659225,-0.8385756,-0.86008704,0.3489767,0.47259846,0.52248776,-0.61779964
0.79559463,-0.8260345,-0.7570848,0.7123078,-0.34117362,0.65657824,-0.7130554,-0.79264987,-0.5367209,-0.83882236,-0.8600873,0.35058853,0.47308302,0.52236176,-0.61748284
0.79541695,-0.82592344,-0.757221,0.71215993,-0.3421581,0.65648466,-0.7129515,-0.7930144,-0.53668725,-0.8385939,-0.8600868,0.3489969,0.47229233,0.5224854,-0.6172504
0.79544395,-0.82591385,-0.75703746,0.7122014,-0.34442037,0.6566718,-0.7131307,-0.7927758,-0.53677243,-0.8386649,-0.86017907,0.35017538,0.47274595,0.5220956,-0.6175308
0.77517724,-0.8178021,-0.7673187,0.6990554,-0.09890729,0.6203088,-0.6742914,-0.79947776,-0.5060537,-0.81864446,-0.82915306,0.2798133,0.45554677,0.5643724,-0.60495627
0.7800188,-0.8209596,-0.7677683,0.7062401,-0.23836064,0.63864154,-0.6786083,-0.7998107,-0.5128253,-0.8261796,-0.8358671,0.28264216,0.45877975,0.5558805,-0.6185009
0.7773519,-0.820936,-0.77415824,0.70731306,-0.31509003,0.64326483,-0.6634904,-0.8039636,-0.49870878,-0.82585883,-0.8259089,0.2786394,0.4622079,0.56739324,-0.6301636
0.7790609,-0.8220672,-0.7762663,0.7089355,-0.3484805,0.6464103,-0.6644438,-0.8071572,-0.49773872,-0.82656556,-0.8260252,0.28788984,0.4649033,0.56790537,-0.6343043
0.7781281,-0.82146823,-0.77535045,0.7080119,-0.34036738,0.64557844,-0.6633232,-0.8062673,-0.49585885,-0.8265341,-0.8244897,0.287286,0.46656987,0.56827253,-0.63352174
0.7682622,-0.8170766,-0.78437865,0.7039351,-0.31941068,0.6325755,-0.64307284,-0.80885655,-0.46650547,-0.81037265,-0.79325545,0.28316733,0.46530762,0.5895771,-0.63111806
0.76748997,-0.8163673,-0.7883225,0.7037303,-0.3064878,0.6278039,-0.6439576,-0.8111648,-0.46277,-0.7912172,-0.78516704,0.30090362,0.4705601,0.59456086,-0.62913775
0.7723354,-0.8184466,-0.7815014,0.7034231,-0.2900087,0.6337217,-0.653578,-0.81049466,-0.4742912,-0.81383705,-0.80284274,0.30193517,0.4772052,0.5849965,-0.6301023
0.7711741,-0.81839734,-0.78220254,0.704687,-0.3084824,0.6346281,-0.64928967,-0.8096414,-0.4755357,-0.8148618,-0.8031812,0.28627425,0.4659251,0.58449775,-0.63116264
0.7717561,-0.81858224,-0.78330874,0.7054033,-0.3251492,0.6356063,-0.65156585,-0.8101606,-0.4767602,-0.8103195,-0.8037804,0.29243457,0.46831852,0.5838027,-0.6316257
0.77103204,-0.818677,-0.78282696,0.70613796,-0.31320313,0.6346214,-0.64839506,-0.8082233,-0.4789923,-0.81208587,-0.80683213,0.27729926,0.45932359,0.58361965,-0.63078105
0.7705987,-0.81793076,-0.7810598,0.7050075,-0.30598724,0.63499457,-0.65166265,-0.80669105,-0.47988668,-0.8103626,-0.80853397,0.27999312,0.46268916,0.5810451,-0.6284414
0.7729537,-0.81952125,-0.7822391,0.70616984,-0.32179603,0.63665366,-0.65172714,-0.8098362,-0.48040876,-0.8171983,-0.8084715,0.28965637,0.46686378,0.58264506,-0.6326603
0.77242464,-0.81874,-0.78200746,0.70533514,-0.31777483,0.63636446,-0.6540607,-0.8095516,-0.48022217,-0.81216097,-0.80780715,0.29202724,0.4686134,0.58118105,-0.63059205
0.7720832,-0.8189443,-0.7818256,0.70573944,-0.3271026,0.6373068,-0.65174466,-0.80885714,-0.48004454,-0.81584257,-0.80845827,0.28435087,0.46447012,0.5814127,-0.6318711
0.7727258,-0.81894696,-0.78061104,0.7053357,-0.3120768,0.6368536,-0.6546436,-0.8082919,-0.4817542,-0.81509227,-0.8106769,0.28819618,0.4668529,0.57983226,-0.6303903
0.774491,-0.8196559,-0.77839065,0.7056178,-0.31138572,0.63869655,-0.65805846,-0.807927,-0.48635116,-0.82005435,-0.8153542,0.29086062,0.46895313,0.57647926,-0.6307623
0.7732999,-0.8193356,-0.77942085,0.7058309,-0.315099,0.6384518,-0.6544705,-0.8077695,-0.48423216,-0.8188832,-0.81256366,0.2841041,0.4649104,0.57803595,-0.6311455
0.7731399,-0.81890005,-0.780417,0.704801,-0.30224174,0.63618296,-0.65765816,-0.8089756,-0.4826714,-0.8150509,-0.81111634,0.29640353,0.47153956,0.57963246,-0.629238
0.7730561,-0.8193543,-0.7810115,0.706057,-0.32077053,0.63739914,-0.6537496,-0.80868804,-0.4827459,-0.8173957,-0.81128913,0.2856936,0.4648783,0.5802416,-0.63148487
