brush_teeth,climb_stairs,comb_hair,descend_stairs,drink_glass,eat_meat,eat_soup,getup_bed,liedown_bed,pour_water,sitdown_chair,standup_chair,use_telephone,walk
-0.06713,-0.277015,-0.0970535,-0.30075,0.1547935,0.2995275,-0.16414249,-0.145612,-0.21463633,0.13243599,-0.15210499,0.3301,-0.343535,-0.014619
0.36345997,0.116482496,0.08292001,-0.1503225,0.17677498,0.73942,0.26409,0.017006502,0.119491,-0.38363,0.044699997,-0.21327451,0.12166,-0.17277
-0.49255165,0.0369455,-0.35053998,0.026758999,-0.077771,0.119323,0.280078,-0.151858,-0.22745334,-0.013334997,-0.111835495,0.0918795,0.127372,-0.11171
-0.45115665,-0.089405,-0.00598,-0.1425664,-0.565545,0.11010501,0.171735,-0.014839999,0.21214332,-0.65993,-0.323445,0.15973002,0.30364,0.31864
0.39665303,-0.299005,0.13036,-0.17774999,-0.16937551,0.1252415,0.197685,-0.2128455,-0.135628,-0.2815205,-0.318495,0.004025005,-0.047647998,-0.52504
-0.068027,0.30321,-0.108198,0.331795,0.342335,-0.0146699995,0.177385,-0.1288,-0.0058429935,0.096535005,-0.138475,0.24612999,0.102575,0.085454
-0.04351334,-0.12195,-0.015835002,-0.007870004,0.52910995,0.11871699,0.32753497,0.341245,-0.07091233,0.493855,-0.262245,-0.12578951,-0.453535,0.020362
0.13472666,-0.18456,0.171195,0.279615,0.17853901,0.43511498,0.297265,-0.243235,-0.1295317,-0.052391,-0.96125495,-0.3612564,-0.34049898,-0.53312
0.5647067,0.1253525,0.57232,0.31237,0.540355,0.13997,-0.02877,-0.054739997,0.36158335,0.14755295,0.141012,-0.169738,0.3272,0.72145
-0.77036,-0.49392,-1.122215,-0.20756,-1.2569001,-0.99451005,-0.61492,-0.17636998,-1.3091601,-1.233955,-0.11145499,-0.30479497,-1.6649001,-0.69884
-0.42652336,-0.399715,-0.226704,-0.527655,0.21998501,-0.070025004,0.056174,-0.049065,-0.46131667,0.18987,-0.40532,-0.292435,-0.1276805,0.14377
0.63417,-0.059864998,0.117759004,-0.08404,-0.733495,-0.99878997,-0.55123496,0.028523002,-0.12072533,-0.28203,0.0979965,0.020795003,0.035945,-0.82792
0.29569665,0.560455,-0.10006049,0.29599,-0.50690997,-0.175185,-0.309805,0.341305,-0.121769994,-0.479555,-0.082749,0.13356599,0.20755349,-1.0451
0.103866994,-0.368855,0.179718,-0.557855,-0.0978485,0.45844498,0.33332,0.29257,0.15156667,-0.2283735,0.11030501,-0.14853449,0.09917,-0.25315
-0.013022333,-0.2158,-0.0018690005,-0.041490003,0.26588,-0.1957195,-0.1465445,-0.053623002,0.016996004,0.1363015,0.090124995,0.31731,0.63229,0.22406
-0.08357999,-0.1900335,0.14804,0.022798501,-0.30911252,-0.593465,-0.59879,0.15848,0.20726334,-0.105432495,0.27993,0.461835,-0.0670605,-0.011736
0.45877004,-0.3867285,0.50759,-0.52231,-0.46294498,0.034050003,0.024060003,0.22511,0.02779767,-0.586185,0.20684001,0.1277445,-0.052094996,-0.35411
0.12226299,0.0350748,-0.005097,0.1023228,0.16731,0.0872105,0.2256755,0.363175,0.10288,0.5538,0.159825,0.3431935,-0.165827,-0.016574
0.051833004,0.23341998,-0.26212502,0.36583,-0.016289499,-0.204985,-0.09244501,0.15139851,0.28175667,0.2633945,-0.3443175,0.2740125,0.0055949986,0.49746
-0.0530071,-0.10586101,-0.306625,0.20422399,0.2335285,0.18798,0.37433,0.21339226,0.026979499,0.20580335,0.021615006,-0.052325003,0.104404494,0.25978
0.19095899,-0.486705,-0.19766499,-0.57501,-0.6914,-0.171695,0.0068200007,0.20258498,-0.059959993,-0.580295,0.09308,0.175545,0.283685,0.0079651
0.3793173,0.08420999,0.108132,0.183595,0.463835,0.50184,0.23999502,0.21107,0.36404333,0.15003,0.220264,0.466645,0.14983499,-0.33304
0.038441002,0.006069999,-0.224455,0.1530695,0.15133,0.47342497,-0.062140003,-0.302505,-0.09728333,0.075872496,-0.32941502,-0.072280005,0.16961,-0.0074038
0.14978968,-0.024389997,0.476995,-0.14866349,0.36681,0.32445002,0.30970502,-0.16635,-0.10112667,0.31724,-0.30568048,8.899905e-05,0.111319,0.1753
0.17663,0.1100325,-0.31836,0.1296625,-0.5098985,-0.30236,-0.16192,-0.13118,-0.32467,-0.0956235,0.21698502,-0.009580001,-0.25317,0.082406
0.09952333,-0.272435,-0.1649,-0.1829255,-0.467565,0.016069993,-0.34891,-0.24788001,-0.17588268,-0.074816,-0.25796002,0.40634,-0.297585,-0.23182
-0.092715,0.241815,-0.0014470015,0.33464,-0.0362125,0.08865,0.20213,-0.011879995,0.07952001,0.4757975,0.18886,0.342305,0.1127855,0.21657
-0.21649568,0.15694,-0.3344284,0.299345,0.3278575,-0.378315,-0.074405,-0.0743375,-0.15055333,0.85492,-0.457645,-0.45989,-0.06258735,-0.027635
0.44956002,-0.18063,0.168485,-0.42298502,-0.509095,-0.046265006,0.1285335,0.11231099,0.19913471,-0.32116413,0.156465,0.18623501,0.1075495,0.015998
0.20240833,0.454925,0.704815,0.531795,-0.15532,-0.44173002,-0.53802,-0.2420505,-0.052125003,-0.13833,-0.375445,-0.05066499,-0.035414,0.41275
-0.29087332,0.24687001,0.0995825,0.40919,-0.43427503,-0.50512004,-0.627735,-0.081946,-0.0410548,-0.32506,0.055975,-0.24736999,-0.325155,0.56302
0.067774,0.018654998,-0.1326615,0.13155499,0.25685,0.419225,0.35125,-0.06324001,0.28144002,0.35702,-0.1855115,-0.41618,-0.395815,0.19352
-0.40759766,-0.104604006,-0.523375,-0.123124,-0.1895335,-0.6632,-0.52316,-0.114443995,-0.065987,0.08761501,0.25014,0.32294,-0.36303002,0.022373
0.10994667,-0.505285,0.017357001,-0.33333498,-0.196502,-0.346375,-0.10393,-0.1301275,-0.18365999,-0.129967,0.2619175,0.217695,-0.1870465,-0.65752
-0.16855,-0.568765,-0.25344002,0.0036049932,-0.47618735,-0.54745,-0.47593,0.05258,-0.59407467,-0.08956735,-0.26628497,-0.516697,-1.0994899,-1.0445
0.07202001,0.0318125,0.118099995,-0.27451903,0.275605,0.327905,0.46015,-0.03295499,0.11561834,0.0249735,0.391725,0.24094251,0.1328395,0.42346
-0.10415999,-0.254835,0.218173,-0.23936501,0.030439,0.13947499,-0.19006,-0.465195,-0.20567434,0.0062350035,0.06291,-0.103860006,-0.30353498,-0.35766
-0.09911334,-0.523265,-0.122261,-0.526055,-0.022810005,0.164871,0.062175002,-0.36137903,-0.078482665,0.092345,-0.296955,-0.013270006,-0.037065,0.071326
-0.235717,0.355765,-0.313165,0.23752499,-0.30806,-0.61767995,-0.54318,-0.047505,-0.20607369,-0.16956599,0.016985,0.045069993,-0.0337125,-0.25268
0.25050333,-0.30308002,0.087229,-0.307655,0.06769499,-0.0265269,0.0789401,-0.129225,0.10339668,0.1409197,0.11800899,0.43135,-0.12885301,-0.31929
0.18080331,-0.627045,-0.119737,-0.605245,-0.3416,-0.278185,-0.15754001,-0.20131001,-0.185583,-0.259165,-0.19735499,0.19594,-0.1886005,-0.29691
0.10562699,0.25904,-0.16864999,0.24996501,-0.0723719,-0.268025,-0.138328,-0.24103999,-0.24677332,-0.13896191,0.18006001,-0.11622,0.228668,0.16624
0.207289,-0.0134700015,0.075349994,-0.198035,0.207969,-0.064054,0.009234,0.25628,-0.13717334,0.29719,-0.3835045,-0.16469,-0.1022625,-0.18036
-0.51919997,-0.20512,-0.4134065,-0.035874996,-0.033675,-0.2802275,-0.1048475,-0.384785,0.124719985,0.15154001,-0.46581,-0.23021501,0.31071666,0.40646
0.15064,-0.22949,0.2625045,-0.05127,-0.0521685,-0.27301002,-0.1182365,-0.052640006,0.13216,0.045541,-0.049535,0.196235,0.056934997,-0.18636
0.151226,0.474285,-0.1797655,0.25312,-0.23604749,0.057767496,0.023079999,0.118032,0.07560666,-0.1409675,0.290918,0.25261799,0.10226001,0.39478
0.049396675,0.501355,-0.039199993,0.665825,0.35224497,0.09912,0.562025,0.097565025,0.429194,0.34746498,-0.092498,-0.143885,0.02456505,0.6739
0.33263335,0.325095,0.035370007,0.31239998,-0.04261999,-0.469115,-0.080605,-0.3085865,0.072978996,0.551835,-0.30699998,-0.36374998,-0.091635495,-0.24706
0.17214012,-0.13383499,0.151954,-0.1943415,0.014101502,-0.033352,-0.46321,0.022574998,0.07217513,-0.09350149,-0.011530004,0.18534,-0.015209995,0.11945
0.16926666,-0.29718047,-0.39339998,-0.36807498,0.397495,0.31751,0.44906002,-0.239402,-0.20781802,0.485035,-0.201915,0.362105,-0.048635,-0.1422
-0.32429075,-0.62927,-0.09633501,-0.485485,-0.27953,0.011109501,0.185675,-0.23226999,0.07563667,-0.2142,-0.25666,-0.21782652,0.517835,-0.32764
-0.11416667,0.106171004,-0.264645,-0.13343,0.19857,0.2982185,0.1176735,0.208835,0.048219997,0.41332,0.181865,0.17746,0.1239035,-0.25158
0.24065334,0.105833,0.3845905,0.140684,-0.074314,0.13421799,0.41832,0.24916501,0.05322333,-0.186075,0.0601725,0.47902948,-0.22043,0.17086
0.109458,-0.206055,-0.1573225,-0.25294,-0.31911498,-0.3317535,-0.14138,0.22030601,-0.23005933,-0.35375,0.016099997,0.12927,0.032765,0.032017
0.20281135,-0.0347535,-0.085685,-0.2963955,-0.2020835,-0.12841299,-0.44663,-0.29566002,-0.3016233,-0.0608045,0.43386,-0.11213,0.1926585,0.30932
-0.024048032,0.595705,-0.208285,0.33749,0.844115,0.043114997,0.1546365,-0.247735,-0.12645033,0.638625,0.053259004,0.282565,0.330139,0.41316
-0.20645632,-0.179025,-0.719445,0.096828505,0.42514,-0.13211499,0.1654,-0.09399502,-0.045375675,0.282509,-0.154985,-0.113565,-0.347595,-3.2661e-06
0.10610667,-0.463575,-0.044920005,-0.32577002,0.43674502,0.0118885,0.20369351,-0.45204002,-0.06970733,0.17922002,-0.014200002,-0.36737502,0.352115,-0.48988
0.34004667,-0.238665,0.0560975,-0.21989,0.39167,-0.36955002,0.13206,-0.264183,-0.020550666,0.350245,-0.0737255,0.056764,0.1420355,-0.20333
-0.034271,0.54023,-0.408225,0.56414497,0.477975,-0.021459997,0.0580765,-0.008564994,0.24367465,0.51547503,0.10577901,-0.072804995,-0.16272,0.70654
0.09841334,0.251135,0.0014100075,-0.08389999,-0.010765001,0.0386115,0.24305001,0.28268504,0.55562,-0.22795999,-0.07767999,0.0900565,0.272542,0.39176
0.10370034,0.26913,0.0015549958,-0.031299993,-0.099705,-0.23528501,-0.524275,-0.174844,-0.07963467,0.23572502,0.0034649968,-0.014035001,-0.2441455,0.021284
0.24088334,0.58426,0.577425,0.710315,0.28456,0.40722,0.386835,0.195378,0.27299002,0.222227,-0.123684995,0.066952,-0.117709994,-0.31356
0.59328,0.79569,0.39457,0.70807004,0.16092,0.08689499,0.24355699,0.311735,0.37775734,0.06142,-0.11842999,0.030495003,0.232135,0.51621
0.30361,-0.454155,0.46437,-0.496,-0.66901,-0.2162095,-0.3315,-0.257315,-0.14170633,-0.462995,-0.541745,-0.302625,-0.003287,-0.15995
-0.22735001,-0.31261998,-0.254995,-0.240593,-0.411955,-0.577685,-0.24634999,-0.20716,-0.45216632,-0.192174,-0.294985,-0.224975,-0.067365006,-0.37782
-0.29466435,-0.0874675,-0.2189835,-0.014062498,-0.63594997,-0.09363499,0.100257,-0.18988499,0.056432996,-0.09307499,0.0555,-0.057510003,0.4011375,0.47568
0.36459336,0.38458002,0.448705,0.521685,0.109492004,-0.03424,0.21981001,-0.012225002,0.07073334,0.0657845,-0.14898999,0.561165,0.354025,0.03854
0.0035543342,0.2003575,0.52985,0.28758,-0.60223,-0.107245,-0.28577,-0.355205,-0.4056767,-0.30271402,-0.37125498,-0.12241,-0.062145002,0.090532
-0.28755668,-0.566585,-0.1535525,-0.42812002,-0.018859997,0.49937,0.40273,0.06949,0.26142666,-0.24951,-0.0462045,0.0038449988,0.22889,-0.10907
0.1517,-0.20362501,0.06894,0.37005502,0.3712785,0.290525,0.109366,-0.33200002,-0.07410667,0.353916,-0.25819,-0.2043735,0.1118135,0.20878
-0.08124999,0.19925001,-0.33043498,-0.22858,-0.26088,0.34685,0.087205,0.037299,0.122947335,-0.451805,0.333405,0.259195,0.047065,0.030322
0.30806333,-0.519915,0.21016355,-0.33314502,-0.54606,-0.117740005,-0.270405,-0.23983999,-0.40889335,-0.092465006,-0.0246325,0.2401885,0.148138,-0.11313
0.4984367,-0.300315,0.486615,-0.388935,0.0375815,0.035585,-0.12746,-0.0405795,-0.06820334,0.2315385,-0.1156863,0.1057937,0.30370998,-0.19369
0.12406,0.594485,0.04502999,0.60937,-0.09431,-0.37585,-0.402655,0.0027319994,0.052351665,-0.339355,-0.133605,0.058754995,0.3231705,0.44663
0.101166666,-0.319505,-0.274445,-0.058157,-0.21964501,-0.167103,-0.28130502,-0.062810004,-0.19204335,0.2002,0.2073435,-0.01193,0.266737,-0.3041
-0.44527665,-0.086986996,-0.224832,-0.068497494,0.2539,0.334986,0.406986,0.158415,-0.106979996,0.390085,-0.335742,-0.179312,0.018754996,0.41296
-0.009914995,0.06906,-0.30532,0.13078,-0.0006150007,0.68104,0.28024998,-0.11643851,-0.061452,-0.027435005,0.3572945,0.24588999,0.16007,0.0090957
-0.056388665,0.07652985,-0.03648,0.24555,-0.45856,-0.2312205,0.0466095,-0.160265,0.073396675,-0.45310003,0.32203,0.412685,-0.16131799,0.37562
-0.13745067,-0.622695,-0.41055,-0.511695,-0.255565,-0.154078,-0.27994502,0.20507,-0.08021501,-0.68230504,-0.45658252,-0.58331,-0.1125295,-0.73455
-0.29479334,-0.2252065,-0.666395,0.018788502,0.178855,0.059054002,-0.044051897,-0.301765,-0.15783428,0.1482155,-0.018584996,-0.122879,0.018979996,-0.20556
0.17963,-0.042834997,0.400795,-0.021924995,-0.030035004,0.014295001,0.153585,0.014359996,-0.27945134,0.060344994,-0.012644999,0.0982115,-0.03990999,0.0077919
0.20367567,0.32572,0.28991002,0.03983,0.006762501,-0.055126503,-0.123353496,0.138961,0.19229734,0.126668,-0.030045003,0.070785,-0.042216998,-0.27033
-0.15015668,0.1536663,-0.21792999,0.22033,0.111308,-0.0722585,-0.368259,0.15303001,0.27637002,-0.204015,-0.206065,-0.13146499,0.20299,-0.18078
0.09224666,-0.22418499,0.055996448,-0.170581,0.34086,-0.087027,0.090735,-0.04296605,-0.16353793,0.1427244,0.01523,0.246695,-0.3356515,-0.33376
0.07944033,0.019759998,0.289172,-0.0247535,-0.221337,-0.65375996,-0.44819498,0.2432255,0.28634167,-0.15107201,-0.15209,-0.102205,0.239615,-0.44987
-0.24878998,0.22619998,0.17513905,0.273065,-0.21732,-0.21351,-0.205145,0.1579,-0.015193331,-0.6021,0.23289,0.2289,-0.56288004,-0.31863
-0.15151,0.538515,0.0934915,0.351045,-0.15508,0.257995,0.1851065,0.113382,0.19991802,-0.2023,0.057370007,0.23566501,0.164783,0.27822
-0.18598467,-0.016640501,-0.014095001,0.113934,-0.021773502,-0.541335,-0.026034996,-0.564915,-0.31701002,-0.0958995,-0.42527002,-0.25916252,0.42835,0.046185
0.09256333,0.355275,0.024634998,0.500455,-0.515905,-0.1397835,-0.4862585,-0.1448815,-0.02579867,-0.78863,-0.0360295,0.051691,0.030760502,0.092924
0.15742233,0.728535,-0.178277,0.37197748,0.1448145,-0.17996499,-0.089346,0.099634975,0.18169332,-0.052629992,0.265835,0.122636996,-0.252515,0.37809
0.16739242,0.02933,0.1574745,0.0787365,0.139126,-0.1842365,-0.0048485007,-0.121580005,0.14854033,-0.16735001,-0.005748,0.4280215,0.318595,-0.027198
0.3566967,0.030670002,0.144136,-0.054501995,0.30586,-0.0979435,-0.22043,0.09887999,-0.14955801,0.043064997,0.1584405,0.2763955,-0.1197,-0.3315
-0.09990734,0.30588,0.020744998,0.316595,0.0124135,0.0825445,-0.2098905,0.07649,0.16036999,0.0269815,-0.1107555,-0.045796502,0.133793,-0.24539
-0.31803,-0.211815,-0.45259,-0.33358002,-0.00832315,-0.151777,-0.170837,-0.15259999,-0.06423857,-0.3242243,0.089831,-0.254699,0.3198365,0.18753
-0.278079,-0.155515,0.43923,-0.0841055,0.264487,-0.06625301,-0.16301501,-0.03116,-0.048626665,0.146772,-0.635225,-0.341245,-0.290185,-0.52713
-0.05239001,-0.571525,-0.258845,-0.32209998,0.3651,-0.25171,0.17566,-0.0064399987,-0.22945867,0.207965,0.028808499,0.12836349,-0.30049002,0.18665
0.004729668,0.0650445,0.127485,0.3050795,-0.25076503,0.110644996,0.13129,0.12927406,0.018150067,0.014909998,0.12969449,-0.19021551,0.22031999,-0.29554
0.28396067,0.25853,0.691665,0.5796,0.1911905,-0.487485,-0.27359498,0.305877,0.48414335,0.1226945,-0.29854,0.0136824995,0.17806,0.25071
0.111549996,0.0191055,0.27284002,0.1688015,0.073023,0.1962,0.061789002,-0.13509,-0.41447666,0.664797,0.18237251,0.0370775,-0.54253,-0.05441
0.005845666,-0.52243,0.76149,-0.276315,-0.040021,0.093859494,0.009914994,-0.20145,-0.003876331,0.1178615,0.1731235,0.314535,-0.060785,-0.14392
0.19356334,0.41069,-0.118690014,0.16233501,0.1541155,-0.19138001,-0.41746998,0.347682,0.12759067,0.2725005,0.1223775,0.37675,-0.18681,0.1909
-0.54013664,-0.28597498,-0.2375545,-0.326015,-0.467425,0.0600945,0.1085345,-0.027745001,-0.23895001,-0.2936765,0.2259665,-0.12202349,-0.16313,-0.59161
0.023396336,-0.017804995,-0.363365,-0.010979995,-0.124074996,-0.77871,-0.303205,0.09141365,0.042565767,-0.50023997,-0.135569,-0.374054,-0.104815,-0.2158
0.035776008,-0.0036977,0.107953,0.1356077,0.115067,-0.298812,-0.037167,0.262157,0.0117696645,0.332712,0.36813,0.28003502,-0.016594991,0.038562
-0.28223336,-0.53232,-0.018849999,-0.27019,0.2017075,-0.0371015,-0.2795415,-0.096255004,-0.06357332,0.00042499602,-0.1047075,-0.1476575,0.158215,-0.42256
0.17332734,0.216345,0.469885,0.19373,0.019474998,0.044613443,-0.044059,0.14367,0.6304567,-0.02945,0.056730002,-0.0017499998,0.38884,0.84848
-0.314055,-0.34091002,0.024259992,-0.39226002,0.023461003,0.250754,-0.062981,0.0869495,0.13115,-0.069884494,-0.200381,0.131639,-0.1283135,-0.55674
-0.46909666,0.156095,-0.532785,0.052500002,-0.657545,-0.332825,-0.221905,0.095180005,-0.24802332,-0.025875002,0.17123,-0.097507,-0.38833,-0.1252
0.14585365,0.074467495,0.058897503,0.194137,0.09037951,0.4102675,0.4520275,-0.28736502,0.02775999,0.0381945,-0.31915152,-0.62576,0.410815,-0.40231
0.034506995,-0.64908504,0.031693,-0.50209004,0.098093495,0.21599899,0.0080375,-0.185795,-0.37611333,-0.0069825016,-0.22319,-0.23290999,-0.195095,-0.63444
-0.057563335,-0.13404831,0.45783502,0.003983235,-0.396847,0.45612502,0.27732,0.1513705,-0.45678964,-0.540635,0.1690245,0.046252,-0.26639998,-0.13675
-0.19509967,-0.149665,-0.21415101,-0.1019775,-0.277825,-0.66714,-0.34619,-0.28588,-0.15912534,-0.38755,-0.11798501,-0.35609952,-0.11662305,-0.31503
-0.18358433,-0.41232,-0.32055,-0.07957,-0.14492601,-0.26432002,-0.68042,0.091965005,-0.39214,-0.079121,-0.0049564997,-0.260287,-0.13662499,-0.15233
0.008916333,0.060379997,0.190538,-0.239995,-0.21434249,0.01220065,-0.25020635,0.329145,-0.0776797,-0.646855,-0.05494,-0.1138505,0.55228996,-0.012181
0.50495,-0.032458503,0.35874,-0.012815002,0.0739665,0.1467,0.100445,-0.15666501,0.5883667,0.0409098,0.18593499,0.32846498,0.15354,0.61256
-0.66617334,-0.045130003,-0.512475,-0.2248,-0.229293,-0.372835,-0.677615,-0.280935,0.08494333,-0.359853,-0.0726405,-0.0483055,-0.30374,0.19518
0.66207,-0.2853,0.59729,-0.37085998,0.091528,0.197665,0.13805601,-0.2543885,-0.11502,0.396335,-0.14255,-0.40229502,-0.14292799,0.047791
-0.29286334,-0.33726,-0.201258,-0.39624,-0.08797,0.26719,0.164783,0.17356,0.05049333,0.22576,-0.14639151,-0.0621915,-0.00759395,-0.0017758
0.078666665,0.06418501,-0.24699299,-0.27334,-0.291605,-0.23890051,-0.0995855,-0.098245,-0.19264,-0.30259502,0.41631,0.5195,0.069235004,-0.067549
-0.11938667,-0.1149725,0.13351999,-0.005977001,-0.664075,-0.82449,-0.4198505,-0.10952,-0.204032,-0.1669735,-0.62351,-0.11343999,0.213466,-0.68897
-0.27239966,-0.483005,-0.0236185,-0.28812498,0.042460002,-0.256295,-0.10151,-0.30952,-0.21235669,0.014420003,-0.066975,0.29112,-0.14866,-0.24067
-0.09602333,0.0342815,0.095658004,-0.1406385,0.14259,0.26843,0.472485,0.119802,0.054434333,-0.039984997,0.017495006,-0.44279,0.162405,0.15796
0.23288667,0.145795,0.03520999,0.164005,0.104087,0.63528,0.55331,0.5234,0.31076667,0.384077,-0.38267,-0.31010002,-0.580715,-0.19025
-0.50294334,-0.17208001,0.02356165,-0.3352,-0.44298,-0.25702,-0.2000365,-0.16798499,-0.10376666,-0.32980502,0.16885701,0.049694,-0.329415,0.034052
0.10425317,-0.295205,0.137815,-0.291655,0.061096497,0.2932945,-0.0332555,0.0774975,-0.019085668,-0.23410851,-0.1090315,-0.335785,-0.135605,0.20976
-0.4252533,0.086115,-0.502075,0.187525,0.43887,0.0774115,0.32661,-0.0888965,-0.07118999,0.1692295,-0.097478,-0.070379145,0.139001,0.60278
-0.23119934,-0.2965185,0.2084575,-0.249224,0.098854996,0.117943995,0.35588,-0.1321838,-0.14618278,0.54946,-0.39074498,-0.325615,-0.033549994,-0.033191
-0.013578668,0.329855,0.2897375,0.49091,-0.17577,0.160021,-0.006579995,-0.113675,-0.35786667,-0.366075,0.0053200014,0.41031998,-0.23746449,-0.14667
-0.1481,-0.41231,-0.3208675,-0.25741,-0.110643506,0.22251502,0.41609502,0.306625,-0.0789,0.1710615,0.06719515,0.15774,-0.26929,-0.21056
0.30349335,-0.0051775016,0.383375,-0.064117506,0.36405998,0.059985,0.13350001,0.626975,0.08108332,-0.021820001,0.280205,0.165156,0.22488,-0.0062624
0.05447665,0.92829,0.1636085,0.58471,0.411965,0.2447775,0.48953748,-0.2618355,0.27598968,0.49792498,-0.252135,-0.40381503,-0.031330004,-0.11137
0.26803067,0.062166497,-0.18998699,0.105389,0.549601,0.50995,-0.024280012,-0.202355,0.12303966,0.45784503,-0.136029,0.066317,0.0499504,-0.11028
0.44667602,0.541985,-0.048465002,0.38595998,0.211963,0.053804502,0.1797845,-0.064605,0.19238333,0.539465,-0.197338,-0.49252498,-0.10057999,0.32331
-0.12613668,0.628695,0.07076499,0.639665,-0.21775001,0.04256,0.20942,-0.12660609,0.050816674,-0.117144,-0.14349002,-0.06711501,0.19678,0.23903
0.155727,0.202345,0.13283,0.303615,0.27164853,0.114947006,-0.137835,0.032524988,0.07567667,-0.29834148,0.020744994,-0.20471,-0.05435,-0.05826
0.09557,-0.206965,-0.34543002,-0.059603002,0.009485006,-0.010790151,-0.03388065,-0.1648515,-0.093320005,0.15388301,-0.353793,0.055007,0.1758805,-0.18833
0.30382332,0.250363,0.3856,0.128813,-0.17925599,-0.130476,-0.1906465,0.089939,-0.022506334,-0.256991,0.30923098,0.43959498,0.22454,-0.54047
0.34978637,-0.21136999,0.1510835,-0.455055,-0.54091,0.087245,-0.410615,-0.3639715,-0.30369,-0.75161004,-0.084609985,-0.39384,0.17570001,-0.34628
-0.09156233,-0.125645,-0.076377,-0.40075502,0.21112199,0.51813996,0.49731,0.02062655,0.023505667,0.092494994,-0.030663501,0.1915365,-0.254336,-0.17453
0.529,-0.263015,0.39269,-0.28376502,0.322605,0.35408002,0.204925,0.253905,0.3378167,0.32154,0.22099501,0.2019,-0.097752996,0.016625
0.30348334,-0.135673,0.358946,-0.008840501,-0.031916376,0.41324002,0.63435996,0.022469997,-0.24701,0.1217,0.23073515,0.010169998,-0.1889545,-0.39639
0.034375243,0.043115005,-0.192435,-0.37442,0.2568025,0.30420297,0.2915645,0.16218,0.05348034,-0.2149925,-0.070645005,-0.033329993,0.288835,-0.11963
-0.60757,0.50397503,-0.39305001,0.422025,-0.11546999,-0.57986,-0.46826,0.17888501,0.25787002,0.0020100027,-0.127404,-0.281744,0.138182,0.63828
0.28049335,-0.49013,0.39545,-0.332815,-0.579755,-0.44035998,-0.501405,-0.15921,-0.91802,-0.39480197,-0.132615,0.281945,-0.49712998,-0.52044
0.39563,-0.237225,0.06547,-0.137184,-0.037758,0.051152,0.4702705,-0.38360602,0.109952666,-0.082818,0.17426385,-0.089564994,0.28172,-0.48737
-0.00218,-0.068463,0.375035,0.1149875,0.109505,0.08765,0.18531999,-0.15016349,0.028474336,0.07913999,-0.11033101,-0.19421601,0.0477675,-0.41106
-0.013226668,0.03010625,0.138435,0.008398501,0.22196499,-0.189969,0.211841,0.33037,0.0022210032,0.48933,0.1258285,-0.0321895,-0.29933,0.31671
0.07367023,0.0958785,0.043735,0.05715555,0.293258,0.039580002,0.30672002,0.1737275,-0.011394332,0.327248,-0.16862099,-0.15592249,0.09607349,-0.10307
-0.12672767,-0.0057149976,-0.211835,-0.199227,0.200315,-0.31107557,-0.24882054,0.070345,-0.21630998,0.21528,0.27886498,0.18619,-0.13964999,-0.023991
-0.2331992,-0.1695993,-0.15040001,-0.3797,0.10819499,-1.034175,-1.029385,-0.1708615,-0.07525433,0.357335,0.05163002,0.255665,0.33975,-0.071623
0.045770004,0.139015,0.44665003,0.19764,0.3905,0.44443,0.49097502,0.40185252,0.53977996,0.225635,0.060900003,0.011670008,0.03922,0.092601
-0.10593667,0.005654998,-0.17694002,-0.034254998,0.27752,0.202249,0.11897001,-0.16045001,-0.17009,-0.033269998,0.37111002,0.348365,0.25904799,0.29489
-0.21898134,-0.364075,-0.538445,-0.330755,-0.10411051,0.1548729,0.20227,-0.23234501,0.044572998,-0.311555,0.071779996,0.00022999942,0.46759653,-0.060503
-0.56998336,0.430795,0.081481,0.754135,0.328329,0.164365,-0.09134,-0.23879501,0.45169333,0.30844,-0.633235,-0.22963,-0.192533,0.35933
-0.19074033,0.38728,-0.680305,0.49508,-0.2204635,-0.1122045,-0.1095945,-0.11461499,0.2687467,-0.1621835,-0.067875,-0.008634999,0.22501999,0.12386
0.4550133,-0.004830003,0.414705,0.259005,0.1070405,-0.32881498,-0.315315,0.340235,-0.08866999,0.149839,0.14621,0.0613585,0.607185,-0.096171
-0.40236,-0.15095504,-0.80436504,-0.08915005,-0.61941004,-0.22969,-0.522135,-0.03642,0.13193001,-0.61057496,-0.44111001,-0.18995449,-0.1889135,-0.17357
0.496456,-0.509995,0.496055,-0.194575,0.35346,-0.057425,0.22990999,0.31435502,0.44607332,0.21359,-0.074374504,0.4417955,-0.12988299,-0.1254
0.57729,0.185212,0.552495,-0.120198,0.008025005,-0.22157001,-0.029150002,0.093738005,0.102691,-0.11658999,0.130965,0.442145,0.006219998,0.29981
0.44000998,-0.1336835,0.203625,-0.118238494,-0.048572004,0.238137,0.136702,-0.031464994,0.025126675,-0.165515,0.325425,0.22035,0.06947,-0.25711
-0.22866666,-0.233894,-0.331275,-0.10594401,-0.431165,0.37377,0.07229,-0.25757998,-0.27177,-0.398277,0.50557,0.23693499,-0.030034997,-0.35492
0.043983337,-0.085045,-0.2528965,0.0413255,0.11630999,0.1824555,0.29429,0.045067053,-0.106275655,0.081475,-0.40597498,0.050881997,0.057054996,0.214
0.11715,-0.032149,0.129905,-0.03448125,-0.207668,-0.1108615,0.038309,0.18623,0.07882,-0.45631,-0.081645004,-0.07615501,-0.29355,-0.41952
0.1262,0.53536,-0.345025,0.653435,-0.296035,-0.07416499,-0.286443,0.269765,0.20189865,-0.011744998,0.1772405,0.137575,-0.0619445,-0.2387
0.14991434,0.071298495,0.51615,0.1329515,-0.357425,0.1912245,0.47974002,0.12369499,0.23968267,-0.43492,0.5298787,0.16088365,0.57464504,0.059934
0.5669033,0.038002,0.25412148,0.2065995,-0.1139705,0.235575,-0.0005599996,0.28972,0.17886265,0.1344495,-0.313591,-0.127711,-0.2235595,-0.13329
0.28262332,-0.16980998,0.506585,0.07049,0.1645805,-0.41763997,-0.156665,-0.10204499,0.060253337,-0.024129499,0.048769996,0.192508,-0.112519994,0.30373
0.19194,0.08091849,0.23063,-0.19372,-0.2815,0.1827017,-0.20172329,0.18600775,-0.014007733,-0.32915503,0.430395,0.49773002,0.0649785,0.48191
-0.5088367,0.03364,-0.13973351,-0.233115,0.20745498,-0.334235,-0.37746,0.1883655,0.06596,-0.124689996,0.237477,0.0369,0.1663785,-0.030485
-0.049523335,-0.55448,0.273265,-0.63379,0.114571,-0.28995,0.056465,-0.15264001,-0.09274334,0.28139,-0.63501,-0.219418,-0.643875,-0.50602
0.21545832,-0.1742545,0.42192,-0.006094992,0.75859,-0.014287502,-0.007499002,0.61951,0.23742335,0.71275,0.242265,0.51513,0.050585,-0.15751
-0.025046667,0.829715,0.20326501,0.77812004,-0.38467002,-0.0661195,-0.3743145,0.23100999,0.29734066,-0.233019,-0.43777,-0.086397,-0.980345,0.37729
-0.06841467,-0.528525,-0.35198998,-0.46548498,0.4049,0.44124502,0.38788998,0.22160043,-0.11896139,-0.16771999,-0.162985,-0.041889995,0.10760999,-0.202
-0.089192994,-0.271655,0.1524285,-0.17828,-0.181645,-0.15749949,-0.31616998,-0.3315855,-0.148051,0.15616,0.18283,-0.33091998,-0.023047,-0.23521
-0.6757733,-0.038785003,-0.32821,-0.065725006,-0.224305,0.086298496,0.0626335,-0.27773,-0.024243334,-0.045105,-0.129756,-0.29856,0.008982997,-0.19202
0.31855,-0.1472595,-0.159277,-0.02786,-0.0855155,0.09574,0.053400002,-0.29368,-0.1141,-0.23883,-0.30028,-0.087661505,-0.092029996,-0.34454
0.46860996,0.25308502,0.4759,0.241905,-0.0576,0.024794996,0.301305,0.2489445,0.47359002,-0.23688999,0.29767,0.613575,0.22775999,0.39285
0.39895335,-0.23835449,0.23614,-0.254724,0.36391002,0.526215,0.77984,0.051480003,-0.25198767,0.282875,0.109179996,-0.113836005,-0.014835,0.33205
-0.75788337,0.24444002,-0.510175,-0.18149501,0.0655065,-0.377525,-0.19808501,-0.59307,-0.31473,-0.032497,-0.5091,-0.56197,0.30003,-0.16925
0.052849997,0.24680999,-0.021176498,0.3486,-0.32187,0.42314,0.008434501,0.394613,-0.076423,-0.21489,0.132256,0.0723875,-0.026263501,0.27547
0.052083667,0.23530999,-0.28038502,0.123156995,0.33915,0.19427,0.0663645,-0.027170002,0.013616662,0.03647,-0.283705,0.046740003,0.014570497,0.21246
0.06283667,0.0874925,0.0147750005,0.17418,-0.114176005,-0.463835,0.023334995,0.46608,0.21475367,0.201509,0.088209495,0.3187395,-0.049695,-0.021791
0.115623325,0.1772475,0.189545,0.1447075,-0.047783002,-0.683975,-0.407105,-0.24327001,-0.03518,-0.1534175,0.526955,0.38238,-0.0882515,0.22221
-0.33032998,-0.3570945,-0.5221,-0.42527,0.28508165,-0.025245,0.003458999,-0.130065,-0.03100334,-0.04533735,-0.01772499,-0.10820998,-0.774585,-0.066674
-0.43828666,-0.047166,-0.05235499,-0.093861,-0.1598359,0.13016,0.29778,-0.279935,-0.12395334,-0.37080002,-0.082655504,0.16303,0.1948805,0.27922
0.6387867,0.22068,1.0253,0.062795006,1.0771,0.67552996,0.402605,0.228435,0.16391723,0.79582,0.09538999,0.0925,0.191415,0.20904
0.271733,0.1104005,-0.18335,0.0836605,0.056832496,0.2786415,0.320667,0.506795,0.23069733,-0.116217494,0.52205,0.53719,0.2894725,-0.04935
0.32728466,-0.06477499,0.10183265,0.065315,0.570995,0.36933,0.17274499,0.40141,0.274122,0.32731998,-0.174308,-0.044188,-0.186429,0.061458
0.18619001,0.633985,0.1346385,0.293215,-0.41394,-0.33894998,-0.53901,-0.13266501,0.17911333,-0.2353,-0.056134,-0.3292515,-0.20102,0.50173
0.29435593,0.17839,-0.058034994,-0.02302,0.46394998,-0.29219502,0.196725,0.19150501,0.25165167,0.60406,0.163185,0.09366,0.009151999,-0.77051
0.14097834,0.30166,0.21244,-0.179115,0.62246,0.760515,0.703485,0.31609,0.31957135,0.90277,-0.029799502,-0.036097,0.105818495,0.27873
-0.15585034,0.25506,-0.475855,0.064603,-0.39649498,-0.34562,-0.55288,-0.50269,0.14537336,-0.34751648,0.019338999,0.31613502,0.0402023,0.15247
0.11018566,-0.355695,0.46266502,-0.280455,-0.30572,-0.2662037,-0.38112003,-0.14908499,-0.16433832,0.025904998,-0.22837499,-0.052604996,-0.038280003,-0.45144
0.3377633,-0.387725,0.078025,0.00084000826,-0.48409,0.028664,0.0287015,-0.1159825,-0.23321669,-0.306835,-0.065705,0.16574499,0.1207965,-0.11337
0.13778333,-0.052545004,-0.1697915,0.15577951,-0.134755,0.1427675,0.14576301,0.1387315,-0.009258668,0.059346497,0.36249,0.19474149,0.12509951,0.23009
-0.19813032,-0.89961,-0.132101,-0.77695,-0.40367502,-0.27263,-0.230735,-0.058009997,-0.24244,-0.333195,-0.149193,-0.683758,-0.3288455,-0.2856
-0.06316867,0.44722497,0.110980004,0.22697598,0.055374995,-0.16053501,0.107779995,-0.020531999,-0.3226837,0.0025600046,0.19087,0.3577775,0.049019992,-0.16246
-0.35185334,0.49136,0.160825,0.353385,-0.1411645,-0.1318035,-0.3825485,-0.35688502,-0.008550003,0.193685,-0.29007,-0.131114,-0.458385,0.029645
0.31550667,0.027929999,0.061591998,0.106034495,0.454305,0.17638001,0.016509999,-0.066935,-0.21619333,0.201208,-0.207035,-0.16872999,-0.185415,-0.19178
0.065051995,0.88975,0.42294496,0.54034,0.327905,0.62206495,0.68078,0.39644998,0.94701,0.31577,-0.050410002,0.68105996,0.393565,1.6455
0.52212995,0.244275,0.1396669,0.30405,0.54702497,-0.279944,0.042136,0.14602001,-0.09546233,0.42755,-0.090075,0.31315,0.181025,0.055601
0.8357566,0.1330985,0.987685,0.037958,0.23673499,0.37741,0.567695,0.124843,-0.05858467,0.42681,-0.088515,0.1348565,0.213881,0.23336
0.29494333,0.285755,0.41734502,0.124135,0.24440502,0.59631497,0.747385,0.27813074,0.0246405,0.14411502,-0.0762465,0.11091851,0.021935001,0.090037
-0.20250966,0.07492,-0.140378,0.27671,-0.087615,-0.15142,-0.127485,0.164911,0.10927999,-0.10869999,-0.0950205,0.034139503,0.1283375,0.42586
0.39681002,0.47118998,0.12895499,0.27826548,0.002285,0.47169,0.473405,0.016615003,-0.11992333,0.061105,-0.1923915,0.18062499,-0.30708498,0.33801
-0.14505033,-0.27757603,-0.394554,-0.0413195,0.0092775,0.31609,0.2924,0.040398996,-0.07041066,-0.0083587505,0.2580295,0.437725,-0.035400003,-0.070857
-0.12585734,-0.18777001,0.07998499,-0.17241001,-0.043174997,-0.176865,-0.185555,-0.18161002,-0.49553335,-0.29403,-0.14535001,-0.030128999,0.0052200034,-0.20306
-0.6378367,0.1578,-0.53718,0.239005,-0.2520935,-0.16061,-0.47067,-0.13609499,-0.072464,0.017539,-0.056392,-0.34433,0.0346595,0.12692
-0.41189668,-0.0671835,-0.217495,-0.108216,0.06503,-0.351265,-0.171694,-0.24689001,-0.20470066,-0.082095,-0.0527605,-0.012065451,-0.14105,-0.20466
0.139606,-0.31834,0.251785,-0.015695006,-0.54579,-0.3216455,-0.4627,-0.482885,-0.39308667,0.020245,0.405105,0.240781,-0.264675,-0.34985
-0.40986332,-0.062975004,0.165665,0.232505,-0.060504995,-0.63956,-0.573405,-0.09341499,-0.22155666,0.033824995,-0.21953501,-0.17712,-0.07632999,-0.30973
0.17534566,-0.291195,0.01049,-0.0049550086,-0.173383,-0.3265195,-0.0245013,0.12234499,-0.0034433405,0.026829,0.369815,0.226785,-0.04619,-0.75803
0.12856334,-0.15547001,0.37678498,0.147058,-0.3508865,0.3528895,-0.077147,-0.013044998,0.021664336,-0.21832,0.189805,0.21772,-0.15648499,-0.26185
0.28174332,0.0583155,-0.071594,-0.0744445,0.144275,-0.1731475,-0.123863,0.09275,0.043609004,0.11689,-0.033600997,-0.163606,-0.064465,-0.18941
-0.15512668,-0.391215,0.15517,-0.252595,0.0841449,0.09725501,0.317085,0.159161,0.20641367,0.034119397,0.001760006,0.386275,-0.116323,0.066357
0.012298991,0.051964,0.23279,0.28040951,0.366395,0.603395,0.477755,0.42042202,0.28265336,0.55451,-0.2914175,-0.58859,-0.055984996,-0.13302
-0.55199,-0.18119001,-0.429185,-0.42366,-0.1657665,-0.2537505,-0.095295504,-0.16846399,-0.11662633,-0.53057003,-0.510085,-0.47622,0.0781175,-0.18596
0.029366672,0.062865496,0.34652,-0.003571,0.20192,0.0029799938,0.15066749,-0.017543502,-0.13449134,0.166864,-0.008764997,-0.22672,-0.060422998,-0.071617
-0.22284503,-0.39003497,-0.4211,-0.40183,0.1046435,0.008593501,0.30702,-0.0663185,0.0075236685,0.058993496,-0.005124986,-0.164375,0.36074364,-0.15801
-0.048932333,0.155911,-0.066789,0.114925995,0.399396,0.35354,0.667695,-0.062205017,0.39706266,0.420995,-0.02065,-0.468785,0.51815,0.33308
0.050241668,0.423545,-0.29876,0.41474003,0.256445,0.3478265,0.524235,-0.06165,0.14003499,0.20989001,0.2104775,0.16016251,-0.049050998,0.081761
-0.23932166,-0.111339994,0.21070999,0.091004,0.043515,-0.375185,-0.395095,-0.010135002,-0.059012663,0.050721,-0.007045001,-0.056834996,0.46610498,-0.13718
-0.29923132,-0.362935,-0.138345,-0.46269,-0.099492505,-0.83297,-0.515405,0.2163265,0.022603333,0.036457498,0.05947885,-0.020295002,-0.028729051,0.018166
0.006468197,-0.010868,-0.034484997,-0.1222225,-0.21916,-0.256575,-0.46666497,-0.058854003,-0.27553767,-0.013104998,-0.163875,-0.19233,0.43443498,0.037715
-0.26681668,-0.251455,-0.358015,-0.33291,-0.039240003,-0.200119,-0.420135,0.15553,-0.030049661,-0.24569501,0.217185,0.040615007,0.345,-0.019007
0.121757664,-0.4282,-0.122583,-0.32716948,-0.091825,0.067092,0.276535,0.14371501,0.18461668,-0.22201,0.083335,-0.0502375,0.221801,-0.1177
-0.099102,0.52746,-0.12551,0.55572,-0.04501,0.2633865,0.023570001,-0.29852653,-0.18876334,-0.20154,-0.20813501,0.0016699955,-0.187455,-0.10368
0.104550004,-0.56999004,-0.35115498,-0.219983,0.1029955,0.108445,0.018234765,-0.501222,-0.466498,0.1613905,-0.14823,-0.31219,0.2832,-0.12831
0.17790501,-0.0802625,0.340955,-0.0019199997,0.011485003,0.2078225,-0.1214725,-0.0787096,-0.051656336,-0.108480595,-0.132595,-0.14702,-0.092125505,-0.032358
0.16178334,-0.59875,0.578035,-0.548575,0.20218,0.40968,0.050095003,0.155525,0.34486666,0.3092425,0.258565,-0.14438,-0.1987625,-0.12922
-0.069196664,-0.39238,0.253517,-0.46834502,0.223182,0.06459951,-0.045724995,-0.21933399,-0.22862667,0.015234992,-0.021668497,-0.131835,-0.0521716,-0.19816
-0.35263,-0.323385,0.32054502,-0.25995,-0.279645,-0.066795,-0.057255,0.1579165,-0.09798566,-0.28937998,-0.036322,0.09199499,-0.111896,-0.34422
-0.18320334,-0.37743998,-0.051976997,-0.200897,-0.13233,-0.011295002,0.12676498,-0.524215,-0.266261,-0.058249995,-0.030779999,-0.34807,0.08395,-0.56743
-0.13429849,0.07734,0.043957397,0.030805,0.29784,0.370312,0.27185202,0.73478997,0.21864335,0.56748,0.146567,0.344725,0.303705,-0.11937
-0.27905333,0.2099875,-0.140075,0.1262,0.018717498,0.0883035,0.1627685,-0.24352449,-0.045156658,-0.16354251,0.081882,0.08521201,-0.18193151,0.36441
-0.6195767,-0.23284729,0.013107998,-0.028498799,-0.27198,0.083179995,0.08500999,-0.281625,-0.21581,-0.2838,-0.12352,-0.21922901,0.02522,-0.3035
0.12191001,0.34550002,0.35312998,0.19243501,-0.26358,0.062198497,0.10942,-0.359485,0.10645333,-0.317195,0.122616,0.176475,0.208395,0.13498
-0.18165,0.032764994,-0.51282,-0.0837065,-0.10299501,-0.639575,-0.71169496,-0.051505,-0.025526663,-0.24436499,-0.004525006,-0.13370451,-0.24401,-0.13497
-0.14073668,-0.1777415,-0.208225,-0.28124,-0.05514,-0.263275,-0.046450004,-0.092775,-0.12030667,-0.11124,0.140905,-0.076585,-0.105574004,-0.47875
0.028308004,0.30843002,0.832875,0.12010001,-0.590915,-0.394895,-0.27435002,-0.0702555,-0.078047,-0.378405,-0.108950004,-0.19192499,-0.12623699,0.27766
-0.133201,-0.19978,-0.16088599,-0.02285,-0.008345,-0.199895,-0.295415,-0.22551349,0.08198167,-0.330275,0.189399,-0.033626005,0.079915494,-0.32791
-0.31156334,-0.28745386,-0.17983,-0.311745,-0.29492998,-0.078167,-0.195962,-0.67014503,-0.06205533,-0.062249497,-0.22152999,-0.1995055,0.18915999,-0.2167
0.22523667,0.225425,0.470595,0.27340502,-0.52585,-0.63237,-0.307795,0.554595,0.15408333,-0.116904005,0.0312425,0.41183499,0.138678,-0.26718
-0.8733366,-0.029940002,-0.471065,0.264285,-0.89606,-0.9123,-0.93012,-0.11568999,-0.58594996,-0.7071845,-0.1227795,-0.18504,0.433465,-0.28372
-0.29092935,0.14940101,-0.023732997,0.131236,0.16743499,0.21108499,0.1077095,-0.17684999,-0.24606334,0.19438499,0.276734,0.089285,-0.019775003,0.1718
0.44638434,0.29677498,0.100407004,-0.14269,0.27551502,0.3443615,0.2355615,0.008494996,0.29578,0.50804996,-0.3093135,-0.2947185,-0.202356,-0.29051
0.38180336,0.210556,-0.086073,0.32865,-0.0724895,-0.0035949945,-0.111995,0.083137006,0.058894668,-0.254605,-0.003004998,-0.070975,-0.40261,0.42455
-0.026479006,-0.33570498,0.1250945,-0.267445,-0.33322,-0.29326,-0.266482,-0.39916,-0.35004166,-0.439415,-0.067959994,-0.3121795,0.46013498,-0.28181
-0.4144567,0.30098602,0.1062165,0.40336502,-0.11419849,-0.489515,-0.48526,0.049936004,0.09011101,-0.24358349,-0.475375,-0.14815,0.00603255,0.16395
-0.0030329998,-0.015200004,0.301115,0.119775,0.3334015,0.39665002,0.57321,-0.39722502,-0.19019,0.4356365,0.061454996,0.021180004,0.4110056,0.36343
-0.44587,-0.289785,0.087113,0.057215005,-0.44223,-0.041080005,-0.04709,0.25225502,0.28934002,-0.47816503,-0.322925,-0.31813002,-0.0855015,-0.33036
0.16981667,0.35268998,0.651495,0.22538999,0.261465,0.114522,0.194182,0.19505498,0.4770433,0.844205,0.25419864,0.2615505,-0.08092,0.16049
-0.19205867,-0.60732,-0.63175,-0.4219745,-0.222875,0.76668,0.504555,-0.298317,-0.39341998,-0.204765,-0.12772998,-0.50107497,0.012735009,-0.16549
0.13733567,0.258715,0.476165,0.17063999,-0.081860505,0.49126,0.209644,0.55673003,0.55886334,-0.0443955,0.043165,0.32766,0.283485,0.51984
0.14017667,0.31330502,0.46025,0.311585,-0.12837,0.64665496,0.3709475,-0.062775,-0.115496665,-0.09245551,0.29326499,0.168392,0.17469001,0.079122
0.08252633,0.055908002,0.09118301,0.103726,-0.158589,-0.091010496,-0.062355503,0.3025,-0.073819995,-0.251649,-0.259707,-0.051455006,0.3852,-0.061607
0.11857667,-0.02039,0.559095,-0.16837001,-0.2332,0.12755612,0.053774998,-0.0010100007,-0.014729634,-0.04288,-0.19321999,-0.152055,0.233563,-0.39156
-0.020567002,-0.2504295,-0.1752453,0.0938605,0.22968,-0.082200006,-0.046785,-0.25516,-0.2664233,-0.0060900003,0.511875,0.044832,0.070715,0.42805
0.2811,0.501085,-0.1118395,0.402065,-0.048424006,-0.0083749965,-0.055099998,-0.10691055,-0.12700869,0.297136,-0.361716,0.137344,0.096963495,-0.011958
0.007966337,-0.094100006,0.510195,-0.080535,-0.1188115,0.0502765,-0.150055,0.13315,0.14194535,0.12219999,-0.32964998,-0.040005,0.0715805,0.01294
-0.25894,-0.36683,-0.400028,-0.44731998,-0.423935,-0.73058,-0.5063525,-0.13456349,-0.30745664,-0.539795,-0.2315725,0.34454504,-0.265895,-0.64708
-0.042069998,0.15382,0.0053289994,0.29382,-0.20077899,-0.125835,-0.28845,0.291535,0.12698199,-0.321595,0.301085,0.13242,-0.102765,0.24874
0.21069999,-0.35037,0.106372,-0.33184,-0.60248995,-0.688635,-0.65324,-0.127006,0.008740668,-0.13801499,0.3334065,0.46667,0.24126051,-0.31037
0.19601756,0.0195915,-0.021420002,-0.019975,-0.061519,0.31415,0.031489998,-0.10932501,-0.18063568,0.41606,-0.061345004,0.149885,-0.039180998,-0.40109
0.19224198,0.0273782,0.080624,-0.06404351,-0.29575998,-0.112619996,-0.354965,-0.076905005,-0.29181,0.023430001,0.019580007,-0.3730085,-0.22740301,-0.043166
-0.34277335,0.168045,-0.30215,0.11637,-0.019474998,0.13005999,0.13604999,0.2201,0.22395466,-0.57822,-0.07471998,-0.022759989,0.0691035,-0.24762
-0.028266668,-0.13208,0.070494995,-0.027874995,-0.0055049956,-0.0226225,-0.05870185,-0.394275,-0.18603332,-0.050025,0.15581,0.521565,0.05219,-0.19073
-0.15236966,0.1905525,-0.32469,0.1758875,-0.011845008,0.13295549,0.154639,-0.039394997,0.0008566628,-0.037740007,0.35936263,-0.00265628,-0.1205865,0.49278
0.48081267,-0.033223502,0.29501048,-0.014709499,0.20997,-0.120359,0.026978498,0.396095,0.244757,0.086095005,0.344673,0.120215,-0.08793999,0.14072
-0.04182266,0.058126003,-0.1312415,0.050156005,-0.0531828,-0.85647,-0.80661,-0.14384851,0.07244,-0.009902999,-0.44655,-0.20725998,-0.299155,-0.10693
-0.011521667,0.14029899,-0.269405,0.423204,0.03214501,0.0188329,-0.142042,-0.3744384,-0.41418996,0.1621585,0.188195,0.009719998,0.04508275,0.24852
0.20124334,0.18217999,-0.12349999,0.24934499,-0.370355,0.19204001,-0.0932915,-0.1264,-0.09011933,-0.21475002,-0.278775,-0.155985,-0.152808,-0.036905
-0.18460034,-0.092076495,-0.10883251,0.016330004,0.15257,0.28195,0.33393002,-0.4736025,0.10223534,0.44845,-0.038554996,-0.1653635,-0.36277,0.10027
0.10957,0.050114997,-0.144245,-0.1598045,-0.0048149973,0.0825405,0.187585,-0.13066,-0.11294667,0.096580006,0.29606003,-0.12127,0.2524235,-0.040285
-0.10283057,-0.37172002,0.06441999,-0.46820998,0.249015,-0.07294,-0.094074994,-0.15237899,0.151294,0.055859998,-0.337825,-0.165604,0.17261,-0.35321
-0.47804067,-0.890895,-0.58213,-0.757595,-2.1844,-1.7402999,-1.174835,-0.289855,-1.3692001,-1.653625,-0.28579998,-0.30935997,-1.71135,-1.9922
-0.08238933,-0.464005,0.13459499,-0.116743,-0.064465,0.14531851,0.392375,0.19226,0.018988663,-0.1639635,0.320745,0.25832102,0.1459703,-0.07443
-0.5147756,-0.42693502,-0.747585,-0.021650001,-0.41188502,-0.78513503,-0.837735,-0.34025902,-0.018565675,-0.305335,-0.084589995,-0.020785004,0.427805,-0.0086296
-0.16775,-0.115098,-0.18543,-0.408318,-0.21688999,-0.48277,-0.520875,0.024119,-0.0062883315,-0.335255,-0.21811499,0.224085,-0.332705,0.040891
0.30853,-0.007035002,-0.380045,-0.1885,-0.21806501,-0.16163501,-0.19459501,-0.1955585,-0.2837,-0.12557,-0.15067999,-0.3633925,-0.403925,-0.046459
-0.027213668,-0.456865,0.357838,-0.465205,0.237445,-0.03572,-0.101739995,-0.48883498,-0.026405001,0.1023905,-0.254168,-0.43295002,-0.25589502,-0.31462
0.20338333,0.269505,0.115255006,0.18776,0.52752,0.157185,0.31994998,0.060765,-0.08158667,0.293497,-0.059129998,-0.29769498,-0.048435498,0.36331
0.34659,-0.16578351,0.48092,-0.26875502,-0.041705497,0.26025,0.0984355,-0.40521002,-0.29338536,0.017923001,-0.03420499,-0.15021999,-0.27928,-0.032656
-0.219489,-0.376185,-0.29784,-0.52173,-0.131611,-0.48579,-0.17763999,-0.190898,-0.0119590005,0.187114,0.0560695,0.076779,-0.08462,-0.56138
0.33073667,0.06259999,0.4772945,0.087835,0.2478545,0.50851,0.29355,0.290845,0.22378679,0.2541695,0.13461,0.33130002,-0.092515,0.63325
0.17165267,-0.017014995,0.418035,0.06106501,0.1420425,0.418275,0.484945,-0.0054434985,0.09439134,0.38617748,0.013452999,-0.020001192,0.12484,0.52423
-0.46586335,0.347875,-0.104790494,0.38094002,-0.404715,-0.30133998,0.17452501,0.30386,0.035283327,-0.17237,0.1647,0.474525,0.11158399,0.085248
-0.14172667,-0.18542999,-0.113875,-0.1268315,-0.0948465,0.410145,0.383895,-0.046150006,0.052830666,0.3392435,-0.19198209,-0.1403621,-0.1615295,-0.29407
0.23037267,0.06903,0.653045,0.07046001,0.41772997,0.093320005,0.231525,-0.49391502,-0.45657668,0.688955,-0.07558001,0.012805,0.1770375,-0.21237
-0.13652088,0.028425004,0.06496601,-0.011788998,-0.66402,0.105092,0.024189997,-0.19658001,0.018383332,-0.582175,0.44712,0.33095998,-0.14943449,0.5655
0.12242333,0.045451,-0.0238285,-0.062392004,0.20712501,0.0664489,-0.1549361,-0.104168504,0.071641,0.22979,-0.304095,0.18993999,-0.025186501,0.1376
0.26187333,-0.400785,-0.2718455,-0.3205,0.050036,0.043009996,0.038784996,-0.16372,0.15047999,0.31328797,-0.30817,-0.23814,0.031205006,-0.73431
-0.29331666,-0.012804996,0.38926,-0.016145002,-0.07186501,-0.2878235,-0.2623585,0.224165,0.025560329,0.207705,0.0076844995,-0.0541115,-0.2411535,-0.046185
-0.22893667,0.1270335,0.0512125,0.043553,0.44913,-0.25434,-0.21946499,-0.33960998,0.038596,0.62943,-0.44324002,-0.35697502,-0.051090002,-0.19062
-0.14038366,0.1124695,-0.43641502,-0.3939005,-0.66996,-1.0299749,-1.3262501,-0.431225,0.025156656,-0.29549003,0.057724983,-0.06575501,-0.1380625,-0.20641
0.228177,-0.356295,0.66971004,-0.271745,0.0019649994,0.043175504,0.3486605,0.239205,0.3825233,0.007909,0.16671,-0.221315,-0.121324,0.06371
0.20558667,0.19746,0.17056149,0.24767,-0.23697501,-0.28741,-0.35872,0.39523,-0.04844634,-0.53903997,-0.010479998,0.132965,0.0198165,0.44198
0.311101,0.153105,0.1889855,0.26776502,-0.229704,0.1797225,0.096146,0.2091655,-0.04725434,-0.155189,-0.1368795,-0.143552,-0.10289,0.3939
0.28436333,0.161545,0.256445,0.3523215,0.07506,-0.5452,-0.16036999,0.40273,0.410224,0.1596255,0.28039998,0.340625,0.499405,0.15
